Strand,Type,Subtype,SBS1,SBS2,SBS3,SBS4,SBS5,SBS6,SBS7a,SBS7b,SBS7c,SBS7d,SBS8,SBS9,SBS10a,SBS10b,SBS11,SBS12,SBS13,SBS14,SBS15,SBS16,SBS17a,SBS17b,SBS18,SBS19,SBS20,SBS21,SBS22,SBS23,SBS24,SBS25,SBS26,SBS28,SBS29,SBS30,SBS31,SBS32,SBS33,SBS34,SBS35,SBS36,SBS37,SBS38,SBS39,SBS40,SBS41,SBS42,SBS44,SBS84,SBS85,SBS88,SBS90,SBS92,SBS93,SBS94
T,C>A,ACA,0.003275684,1.89E-06,0.01430034,0.024298132,0.011000816,5.47E-05,1.31E-04,8.93E-04,0.003548505,6.22E-04,0.022998641,0.001359885,6.35E-04,4.53E-04,2.27E-04,0.002251016,3.94E-04,1.08E-04,4.34E-07,0.009463766,0.001912157,7.86E-04,0.030130028,0.003192932,0.004283138,1.01E-04,0.005605514,0.002928965,0.015177773,0.007495549,0.002031308,0.001031561,0.017000961,0.006712774,0.004578599,0.0079463,8.20E-04,0.001503312,0.013881585,0.013222774,0.002238994,0.001000447,0.010293126,0.015263537,6.60E-04,0.003803096,0.002220186,0.001971489,0.001652644,0,0.00146777,0.007922083,0.005634181,0.009694058
T,C>A,ACC,0.005106132,4.87E-05,0.009180218,0.019098532,0.00782058,9.30E-05,2.01E-04,1.56E-04,5.91E-05,0.001000229,0.020098812,0.003149733,0.001109722,0.004160349,3.08E-04,0.00141001,9.43E-05,0.006696956,1.93E-07,0.005377867,8.53E-04,2.25E-04,0.008466008,0.003004936,0.003476112,2.15E-04,0.003268835,5.82E-04,0.010586096,0.004001658,0.001397784,0.001081306,0.015718123,0.002104091,0.006609984,0.00964107,6.94E-04,0.005612055,0.024900285,0.004278505,4.81E-04,5.74E-05,0.006699944,0.007129088,0.002380071,0.01170009,0.002456659,0.002881407,0,0,4.08E-04,0.005313743,0.005694961,0.016208614
T,C>A,ACG,6.88E-05,7.48E-06,7.13E-04,0.00896931,0.002310171,8.81E-06,2.16E-05,1.58E-05,1.78E-04,5.80E-04,0.002079877,5.10E-04,7.79E-05,1.73E-05,5.53E-05,4.55E-04,2.05E-04,1.57E-04,1.64E-06,0.001020975,3.60E-05,5.59E-05,0.001903002,3.92E-04,0.001227039,8.58E-06,4.82E-04,6.78E-04,0.005379166,0.001215705,3.07E-04,1.64E-04,0.010789051,0.001215841,0.002170253,0.003133515,1.47E-04,1.68E-05,0.003393527,9.28E-04,3.61E-04,6.78E-04,0.001619609,0.001882742,1.98E-05,4.21E-04,3.09E-04,0,0,0,8.15E-05,0.0035,9.84E-04,8.05E-04
T,C>A,ACT,0.002404751,1.43E-09,0.007420176,0.016798709,0.006230462,3.20E-04,2.03E-04,2.30E-04,0.001629314,0.00122295,0.018598901,0.003509702,0.007108217,4.39E-04,2.66E-04,0.001526011,9.14E-05,0.041369725,3.15E-05,0.005220871,1.44E-05,5.43E-05,0.01062001,0.001583966,0.002909094,0,0.002280145,5.52E-04,0.0070803,0.003027291,0.001029837,3.29E-04,0.012508758,0.001373346,0.003249237,0.004810065,6.10E-04,0.006081217,0.011641191,0.01088022,0.002700498,0,0.006929942,0.007289068,4.32E-04,0.00645005,0.00270739,0.003639672,3.00E-04,0.005714286,0.001304685,0.00406787,0.002790494,0.004867543
T,C>A,CCA,0.001339985,3.45E-05,0.009330222,0.050696103,0.005480407,2.26E-04,1.28E-04,5.17E-04,2.31E-04,0.010896135,0.014099167,0.002909753,0.001169707,7.12E-04,1.94E-04,0.005520039,8.31E-04,0.00910894,8.28E-04,0.007616812,0.002257186,3.45E-04,0.023590022,0.002621944,0.02702087,5.78E-04,0.002853023,7.67E-04,0.01351283,0.005701829,8.58E-04,0.002111478,0.009167182,0.004188227,0.007104314,0.002425057,4.42E-04,0.004827027,0.021095561,0.030249643,0.003217771,0.187628637,0.007078162,0.009424023,7.93E-04,0.006232113,0.005446768,0,0.001352163,0,6.93E-04,0.00858909,0.001941531,0.042985128
T,C>A,CCC,0.001669981,7.12E-09,0.009950236,0.05579571,0.003820283,2.71E-04,9.85E-05,3.69E-04,0.001559343,5.65E-04,0.015799066,0.002759766,1.17E-04,0.00155013,2.70E-04,0.00415903,2.58E-04,0.008492944,3.41E-06,0.00646884,6.67E-04,1.21E-05,0.006396006,6.10E-05,0.040811313,0.001702024,0.00463764,7.38E-04,0.016274532,0.004000073,0.001857467,7.31E-04,0.014915938,0.002885907,0.007151738,0.003392203,6.52E-04,0.008968832,0.027190854,0.010456924,0.004635617,0.058542346,0.003037074,0.006836645,2.95E-04,0.017382448,0.009600883,0.004549591,0,0,2.04E-04,0.007122225,0.002377182,0.041852756
T,C>A,CCG,4.79E-04,2.70E-06,8.20E-04,0.016998693,0.001360101,6.58E-05,2.68E-05,1.31E-04,2.90E-04,0.001042164,0.001229927,3.58E-04,1.10E-04,1.67E-06,4.57E-08,0.00133701,1.76E-04,0.001102993,2.83E-04,0.00119697,7.29E-05,1.69E-04,0.003054003,9.64E-05,0.006467208,2.47E-04,2.30E-04,2.71E-04,0.007290299,0.001307909,9.35E-04,1.00E-04,0.012293145,0.001374497,0.001181938,0.002960201,1.05E-04,0.002986149,0.003551015,0.00267912,2.36E-04,0.026539302,0.001106156,0.001311645,8.08E-05,0.003352559,0.003179357,0,0,0,1.22E-04,0.0054888,2.07E-04,0.004531099
T,C>A,CCT,0.001339985,1.85E-04,0.006841221,0.04993355,0.002803789,0.002169241,2.82E-04,5.51E-04,0.0063693,1.31E-06,0.018231355,0.003059626,0.00673958,0.001622514,6.11E-05,0.003081022,0,0.119199209,0.00837576,0.00565186,4.26E-05,5.58E-04,0.021110019,0.001022978,0.086002768,0.010650152,2.23E-04,3.13E-04,0.010700439,0.006483475,0.002298172,5.89E-04,0.010636785,0.001348433,0.018971681,0.001410096,7.36E-04,2.03E-04,0.035314358,0.029686251,5.63E-04,0.118648628,8.61E-04,0.006468711,0.007768268,0.008659995,0.023417343,0.003184713,0,0.004571429,3.67E-04,0.005183857,0.005044401,0.023529122
T,C>A,GCA,0.001376825,2.57E-05,0.003650087,0.020798401,0.003040226,9.12E-05,6.87E-05,2.46E-04,6.43E-04,6.09E-06,0.001999882,0.0047096,9.15E-05,8.56E-04,1.70E-04,0.001189008,1.48E-04,0.00149399,5.99E-04,0.005281869,0.002643217,0.001610072,0.057430053,0.002044956,0.004448143,6.77E-04,3.04E-04,0.001513306,0.045677208,0.003695329,8.67E-04,2.91E-04,0.021477518,0.002603013,0.00756813,0.001535531,8.62E-04,9.54E-04,0.012706797,0.038606735,0.0045032,0.004470253,0.004740716,0.006939701,0.004743561,0.004006763,0.002171808,7.58E-04,0,0.005714286,5.71E-04,0.005890746,5.66E-04,0.008676889
T,C>A,GCC,6.70E-04,1.11E-06,0.003990095,0.02249827,0.004420328,1.54E-04,1.98E-05,2.50E-06,2.02E-04,5.14E-08,0.010399385,0.002639776,2.35E-04,8.11E-04,2.70E-04,0.001251009,1.70E-04,0.01052993,0.001141967,0.005780857,0.001102091,3.81E-06,0.01042001,3.55E-06,0.004504145,0.002453035,0.003087354,0.001400614,0.076902588,0.002453112,0.001052878,0.001340976,0.028012038,0.001110607,0.014713457,0.00141484,3.58E-04,1.67E-04,0.033419965,0.011169028,2.00E-04,0.001029309,0.00233264,0.005123063,0.003789624,0.013624818,0.001729161,0.004246285,0,0.003428571,4.08E-04,0.006002021,0.001221713,0.018810507
T,C>A,GCG,2.59E-04,1.40E-06,9.18E-04,0.009549266,0.001610119,2.88E-05,1.91E-05,7.20E-06,1.30E-06,4.55E-05,8.29E-04,3.70E-04,0,1.89E-06,4.02E-05,0,2.02E-04,3.31E-04,1.88E-04,9.33E-04,2.79E-05,9.52E-05,0.003684003,2.11E-04,0.001431046,3.37E-04,2.54E-04,3.95E-04,0.038117319,4.02E-04,6.54E-04,1.13E-04,0.014905309,5.87E-08,0.001313878,0.001400095,1.89E-04,0.00123791,0.005909142,0.002508198,1.73E-04,0,7.66E-04,0.00171978,0.003280098,0.001810014,7.12E-04,0,0,0.001142857,4.08E-05,0.00426,3.51E-04,0.00193
T,C>A,GCT,3.46E-04,0,0.004320103,0.013798939,0.003060227,0.001010141,3.97E-05,1.98E-05,1.65E-06,1.11E-05,0.006569612,0.004089653,0.003529115,8.86E-04,6.15E-05,0,2.78E-05,0.061439592,0.01014971,0.002961927,5.55E-04,0.001100049,0.027480025,5.86E-05,0.001512049,0.003708053,4.62E-04,0.001400597,0.034083028,0.004862195,4.52E-04,0.002346861,0.018792792,9.57E-04,0.002491704,0.001471284,5.26E-04,0.004168673,0.013009251,0.03623445,3.99E-04,0.001866593,0.002474097,0.004846068,6.15E-04,0.009790921,0.00313082,0.003942978,0,0,3.26E-04,0.004186388,0.00264272,0.005978472
T,C>A,TCA,5.47E-04,7.31E-04,0.00781963,0.02413904,0.004413275,1.83E-05,2.90E-04,0.001229823,1.11E-04,0.009689623,0.007001803,0.008244999,0.044231347,4.00E-04,1.51E-04,0.001609011,0.025112498,8.85E-04,3.74E-06,0.005731858,6.39E-04,1.65E-05,0.036410034,4.17E-04,0.003402109,1.60E-04,0.002109347,0.003219896,0.014237429,0.005128598,0.001045709,0.010567617,0.014665177,0.002399903,0.002350291,0.004221503,0.002250799,0.005273213,0.011165094,0.078210949,0.008290489,0.008886259,0.002228214,0.012649964,0.008242384,0.004228076,0.001466249,9.10E-04,4.51E-04,0.003428571,0.001263913,0.006979106,0.006451596,0.011875821
T,C>A,TCC,0.00168158,0.001281068,0.007837826,0.031004323,0.006922834,1.22E-04,6.71E-04,8.39E-04,0.002105789,0.009809728,0.004242364,9.58E-04,0.003510607,0.003158042,4.54E-04,0.001006007,0.009499945,0.011289925,0,0.005844856,0,9.00E-07,0.020720019,3.28E-04,0.004926159,7.64E-04,0.003029188,0.001686635,0.0160723,0.003542884,4.26E-04,4.91E-05,0.011901654,9.01E-04,0.006759762,0.002620178,0.001110042,4.05E-04,0.01851336,0.041972818,5.07E-04,0.00420835,0.003522233,0.009830297,5.18E-04,0.026867347,0.00248891,4.55E-04,0,0,4.89E-04,0.006657598,0.002932008,0.009718964
T,C>A,TCG,6.27E-04,2.37E-05,0.001160028,0.005939543,0.001250093,1.24E-05,6.33E-05,4.03E-05,0,6.12E-04,0,2.13E-04,5.48E-04,5.22E-04,2.57E-05,5.85E-04,0.001876187,5.48E-07,7.22E-06,7.67E-04,8.17E-05,2.05E-05,0.004283004,5.09E-04,6.51E-04,2.67E-05,4.49E-06,8.06E-04,0.004500185,3.68E-04,1.13E-04,8.62E-04,0.011101542,2.59E-04,6.65E-04,0.001740118,3.16E-04,0,0.002514649,0.006615716,3.65E-04,4.05E-04,6.52E-04,0.001602231,6.81E-05,0.001533872,4.50E-04,0,0,0,4.08E-05,0.00108,2.68E-04,0.00104
T,C>A,TCT,0,4.00E-04,0.006360151,0.028297824,0.003060227,6.54E-04,5.02E-04,3.67E-04,0.00144939,0.001983324,0.003329803,0.010199134,0.308922493,0.017301453,5.07E-05,4.42E-04,0.004148413,0.072689518,0.001424959,0.003843905,1.11E-06,9.34E-04,0.067050062,2.19E-06,0.001365044,0.003679052,6.83E-05,3.85E-04,0.013000534,0.010984397,4.88E-04,0.001260551,0.006070843,0.001619891,0.005089821,0.00530036,0.001870071,1.07E-05,0.00824686,0.102933338,0.005659495,0.004234349,0.001304327,0.01114109,0.003157328,0.013997671,0.006351023,1.52E-04,6.01E-04,0.001142857,4.48E-04,0.005340118,0.008864894,0.001849947
T,C>G,ACA,9.01E-04,2.25E-06,0.011000261,0.003239751,0.005080377,7.73E-04,3.12E-05,1.38E-04,6.08E-04,0.002003391,0.006099639,0.003439708,0,9.23E-04,1.36E-04,0.00133801,0.001929192,2.14E-08,1.46E-04,0.001149972,0.001572129,9.33E-06,0.002662002,9.03E-04,0.00435514,2.12E-05,0.001450092,6.41E-04,0.003013359,0.004044977,5.64E-04,9.91E-05,0.002390332,0.003819744,0.004559839,1.37E-04,4.84E-04,2.68E-04,0.002524549,0.00104932,0.013698778,0.007910999,0.027996211,0.006636466,0.004061874,0.001674055,0.001775821,0.004094631,9.01E-04,0.001142857,3.67E-04,0.001661022,0.005098815,0.005339131
T,C>G,ACC,6.61E-04,1.26E-04,0.00616073,0.001455781,0.002852048,3.10E-04,3.35E-05,7.35E-05,4.08E-06,0.001638365,0.003112433,0.001948553,4.84E-06,2.15E-04,1.37E-04,9.10E-04,6.04E-04,4.67E-05,8.66E-05,3.31E-04,0.001003083,8.39E-06,1.55E-06,4.81E-04,0.001127036,2.72E-04,7.54E-04,0.001691228,0.002379553,0.001619341,4.67E-04,2.98E-04,0.004001913,0.002205319,0.001275848,8.66E-04,4.00E-04,3.51E-04,0.00270262,8.58E-04,0.005576277,0.003639021,0.013614364,0.005036379,0.00147105,0.001857289,0.001689073,0.006066121,0,0.001142857,1.63E-04,2.98E-04,0.003593728,0.002990671
T,C>G,ACG,2.80E-06,3.63E-07,3.79E-04,0.00103992,0.001180088,9.60E-05,6.18E-05,6.96E-05,1.25E-05,0.001719177,7.64E-05,3.28E-04,7.07E-06,9.05E-06,5.91E-06,6.74E-05,1.66E-04,1.48E-05,0,2.40E-05,3.15E-04,5.52E-06,5.64E-04,1.25E-04,2.89E-04,2.46E-06,1.65E-04,4.42E-04,7.17E-04,0.001606479,1.72E-04,8.41E-05,9.44E-04,8.16E-04,0.002589909,8.67E-04,2.10E-05,0.003321047,1.73E-04,0,0.004879565,7.03E-05,0.008709928,0.00132983,0.003510104,0.000770006,6.50E-04,0,0,0,4.08E-05,0.00101,0.00167,2.65E-04
T,C>G,ACT,6.23E-04,1.96E-05,0.010200242,0.001729867,0.003480258,3.93E-04,4.38E-05,1.70E-04,2.72E-04,0.002372597,0.007799539,0.004559613,5.70E-08,8.14E-05,1.94E-04,6.97E-04,0.002020201,5.35E-05,4.81E-05,0.002137947,3.79E-04,8.48E-04,6.09E-04,0.001439969,0.002619084,3.81E-04,4.44E-04,2.09E-04,0.001560506,0.002375405,0.001456524,3.15E-05,0.003400472,0.002339843,0.00254991,2.46E-04,3.16E-04,7.99E-04,0.003643271,8.49E-04,0.006189448,0.005928783,0.024217206,0.007714443,0.005004311,3.46E-04,0.002612523,0.01759175,0.003455529,0,6.12E-04,0.001741919,0.007342864,0.004023994
T,C>G,CCA,4.30E-06,4.28E-05,0.008100192,0.004329667,0.003330247,9.33E-05,1.57E-05,2.57E-04,3.83E-04,0.001838602,0.003629785,5.19E-04,0,7.69E-06,8.16E-05,3.46E-04,0.002937292,3.40E-07,5.28E-08,0.001535962,6.57E-05,5.01E-04,6.79E-04,3.42E-05,8.85E-04,9.72E-05,0.001002518,2.42E-04,0.00192292,0.002941197,5.92E-05,5.31E-05,0.002080289,0.004279713,0.001269955,3.98E-04,2.73E-04,3.93E-05,0.002484948,5.37E-04,1.46E-04,0.001510229,0.016668613,0.003721118,6.64E-04,0.003097985,8.12E-04,1.52E-04,3.00E-04,0.003428571,1.63E-04,0.00113084,0.003130682,0.006115905
T,C>G,CCC,5.93E-05,2.23E-04,0.007670182,0.004609646,0.003820283,9.10E-05,6.75E-05,1.58E-04,7.48E-04,0.001324232,0.006419621,5.29E-04,1.71E-08,2.28E-06,7.35E-05,2.74E-04,3.50E-04,4.64E-07,0,0.001089973,3.25E-04,3.98E-05,7.72E-04,2.48E-04,8.63E-04,5.44E-05,0.001455797,8.02E-04,0.002658013,0.002594549,2.29E-04,9.09E-05,0.002840395,0.001719885,0.001299954,2.87E-04,1.05E-04,7.34E-04,0.003168062,1.68E-04,1.03E-04,0.001478302,0.014928313,0.004653465,0.002195106,0.00408257,6.59E-04,0.001213224,0,0,4.08E-05,0.00154,0.0027,0.00996
T,C>G,CCG,1.25E-05,6.85E-05,0.001330032,0.002259826,0.001380102,7.34E-05,7.84E-05,2.47E-04,8.94E-05,0.002238599,5.37E-04,6.83E-04,3.10E-06,1.35E-05,0,1.69E-04,1.70E-04,0,2.24E-06,2.85E-04,1.36E-04,2.18E-05,3.50E-06,5.70E-06,3.28E-04,5.43E-08,1.60E-04,3.68E-04,4.05E-04,9.97E-04,5.72E-05,1.21E-05,0.00209029,4.54E-04,4.44E-04,0.001930131,2.10E-05,6.27E-05,9.58E-04,5.34E-05,1.05E-04,0,0.006459946,8.67E-04,0.005860174,0.00132001,7.15E-04,0,0,0,0,0.001149391,6.86E-05,6.63E-04
T,C>G,CCT,1.61E-05,1.35E-04,0.010500249,0.004259673,0.004660346,1.18E-04,5.86E-05,4.92E-04,0.00201915,4.84E-06,0.003589788,0.001659859,4.81E-07,5.18E-06,9.08E-05,6.33E-04,0.003271325,3.59E-05,3.00E-06,0.00244394,3.17E-05,4.77E-04,4.10E-04,0.001156975,9.00E-04,1.39E-04,0.001277866,9.11E-04,0.002871573,0.001696198,4.93E-05,2.95E-05,0.002900403,0.004729683,0.003179888,2.90E-04,3.58E-04,0.005691794,0.005761912,5.43E-04,1.99E-04,0.002924893,0.020424166,0.00650338,0.00643393,0.004609046,9.97E-04,0.010464058,0,0.003428571,2.45E-04,0.002148877,0.003443726,0.005693312
T,C>G,GCA,0,1.56E-06,0.005100121,0.002899777,0.001710127,6.67E-04,7.90E-06,2.87E-05,1.58E-04,1.74E-04,0.0033798,4.74E-04,1.93E-06,3.30E-04,3.81E-05,5.72E-04,7.69E-04,1.62E-08,7.96E-04,7.11E-04,0.001003083,5.86E-05,5.91E-04,3.59E-04,9.20E-04,1.53E-04,5.73E-04,3.50E-04,0.002175924,0.003212274,4.16E-04,2.73E-05,0.004990693,0.00104993,0.002749903,6.79E-04,1.05E-04,1.18E-05,0.00258395,3.51E-04,4.13E-04,0.001565375,0.012977026,0.002554516,6.73E-04,0.001620438,0.00144349,0.008340916,0,0,2.04E-04,6.71E-04,0.001673904,0.002131671
T,C>G,GCC,4.62E-04,9.54E-05,0.003560085,0.003009769,0.002490185,6.38E-04,3.97E-05,1.14E-04,1.59E-07,2.40E-04,0.003949767,0.001749851,3.94E-05,1.92E-06,9.32E-06,3.06E-04,3.48E-04,0,5.20E-04,0.001752957,5.07E-04,1.34E-04,0.001344001,3.20E-04,0.001778057,9.21E-04,8.35E-04,1.14E-04,0.003311914,0.002346113,5.28E-04,2.33E-04,0.003495784,9.18E-04,0.002343816,7.47E-04,2.31E-04,6.59E-05,0.008713333,2.68E-04,0.002249906,0.001363904,0.00996607,0.002942327,7.87E-04,0.002448123,6.38E-04,0.010464058,0.001502404,0,8.15E-05,0.00112,0.00202,0.00428
T,C>G,GCG,3.75E-05,6.85E-06,6.18E-04,0.001579879,5.03E-04,7.22E-05,3.60E-05,7.54E-05,1.17E-04,8.96E-04,0,0,0,0,2.02E-05,2.88E-04,1.12E-04,1.92E-06,9.92E-06,3.17E-05,8.90E-05,0,6.95E-05,3.14E-04,4.78E-04,4.13E-05,1.88E-04,1.98E-04,7.57E-04,7.16E-04,1.85E-06,3.87E-05,4.72E-04,4.46E-04,9.81E-04,6.32E-04,6.31E-05,0,7.55E-04,0,1.85E-04,2.40E-04,0.004046019,5.98E-04,4.67E-05,0.001057288,6.57E-04,4.55E-04,0,0.001142857,4.08E-05,4.60E-04,1.31E-05,9.35E-04
T,C>G,GCT,0,5.15E-07,0.007290173,0.001389893,0.001840136,5.58E-04,2.95E-05,7.10E-05,0.001189499,1.37E-04,0.004789717,0.003699686,5.43E-05,3.67E-06,4.73E-05,5.19E-04,0.001471146,0,4.37E-04,0.001256969,4.96E-04,4.98E-06,6.73E-04,8.53E-04,0.001378044,2.15E-04,3.27E-04,3.94E-04,0.001700852,0.001892223,7.76E-04,1.30E-04,0.004957408,6.92E-04,0.003998305,6.40E-04,1.47E-04,9.26E-06,0.003335622,2.68E-04,3.93E-04,4.52E-04,0.016833024,0.003591661,0.008810629,0.001672142,0.001458545,0.044131028,4.51E-04,0,8.15E-05,6.04E-04,0.00278,0.00202
T,C>G,TCA,0,6.97E-06,0.007040167,0.00207984,0.002200163,3.29E-05,1.46E-05,2.20E-04,1.94E-04,0.001118984,0.006009645,0.002509787,0,1.02E-04,0,6.80E-13,0.176617572,9.44E-05,2.76E-05,0,0.002076171,1.01E-04,2.89E-05,4.58E-04,7.65E-04,1.92E-04,2.96E-04,5.71E-06,0.001920079,0.002963938,2.68E-04,1.65E-05,0.003730518,1.84E-04,0.002869899,5.91E-04,0.002230085,2.21E-07,0.002831455,0.001778848,5.84E-04,0.00354179,0.014429084,0.006048808,0.006344755,0.002183482,9.86E-04,0,3.00E-04,0,2.85E-04,0.012923151,0.007784913,0.004307037
T,C>G,TCC,1.20E-05,1.00E-05,0.009040215,0.002999769,0.004390326,9.60E-05,1.11E-04,2.83E-04,0.001909196,0.001644061,9.95E-04,0.002219812,0,3.04E-05,1.55E-04,5.18E-04,0.035903572,3.78E-07,5.09E-08,0.001521962,4.09E-04,1.96E-04,0.001858002,7.35E-04,9.14E-04,3.03E-04,0.001883888,0.001149471,0.003965682,0.002963666,2.00E-04,1.05E-04,0.01278623,0.002853809,0.002302518,0.001798815,0.001156952,4.84E-05,0.003847529,8.87E-04,4.83E-04,0.003151358,0.019417143,0.007115011,0.004347317,0.002590686,9.37E-04,0,0.001502404,0,2.04E-04,0.00230031,0.005582593,0.002019631
T,C>G,TCG,2.43E-05,1.55E-05,2.65E-04,0.001279902,8.81E-04,4.27E-05,4.55E-05,9.66E-05,0,0.001456736,0,1.63E-04,3.25E-07,1.50E-05,1.68E-08,3.77E-05,0.006881685,0,1.03E-05,8.66E-05,1.19E-04,3.83E-07,1.94E-04,4.55E-05,1.61E-04,2.21E-06,1.19E-04,1.65E-04,8.96E-04,0.001532037,1.98E-04,1.12E-06,6.31E-04,3.57E-04,2.29E-04,4.66E-04,2.31E-04,0.001860587,5.70E-04,5.83E-05,0.006959379,0,0.004099966,8.71E-04,0.001130034,0.001380011,5.45E-04,0,0,0.002285714,8.15E-05,5.41E-04,1.97E-04,0.00121
T,C>G,TCT,7.69E-04,0.001167329,0.013073815,0.001502237,0.001990053,1.53E-04,1.53E-04,2.91E-04,0.003752908,2.00E-04,0.004510133,0.003275056,1.82E-05,1.11E-04,4.64E-05,4.55E-05,0.192319134,7.50E-06,1.31E-06,0.003531913,1.89E-04,0.001947088,6.38E-04,5.29E-04,0.001398045,5.48E-04,3.06E-04,9.06E-04,0.001488678,0.007819043,9.07E-04,5.11E-05,0.00194027,0,0.005209816,7.91E-05,0.006752396,0.003080971,0.004950096,0.003247897,0.008199268,0.004167827,0.026253143,0.011602548,0.014886346,0.003527074,0.001290513,0.006066121,0.003305288,0.005714286,8.97E-04,0.012558185,0.016056813,0.006403152
T,C>T,ACA,0.01678997,3.68E-06,0.011500273,0.004659642,0.016001187,0.030904307,1.47E-04,8.37E-04,4.61E-04,5.38E-05,0.014199161,0.006909413,2.44E-04,4.89E-04,0.01883,0.006025043,4.80E-04,0.001207992,0.014449587,4.00E-14,0.003681303,5.67E-04,0.004941005,0.01075977,0.037051192,0.001693024,0.001855452,0.017411236,0.004549653,0.008722329,0.003884482,9.56E-04,0.002074455,0.043234413,0.008206102,0.030546282,0.001241094,0.001129359,0.002077582,0.002632574,0.007271942,0.004805921,0.010807785,0.011621473,0.007479026,0.011976148,0.024938836,0.020776463,0,0.006857143,2.85E-04,0.015168389,0.00690314,0.004958385
T,C>T,ACC,0.003867382,2.62E-04,0.007180536,0.002340494,0.008654003,0.015516249,0.008757813,0.014254137,0.00590471,8.71E-04,0.005779814,0.004107018,0.00142468,0.002977054,0.065450001,8.45E-04,3.46E-05,0.008679942,0.005313848,6.87E-04,0.002616215,3.14E-04,0.002098002,0.002613944,0.007375237,0.002742039,0.001181316,0.061166404,0.00354682,0.005083477,0.00142492,0.001211262,0.004394204,0.034220962,0.005240289,0.066292648,6.10E-04,0.002355724,0.002022692,0.001523374,0.007700568,0.002008615,0.00308636,0.007013541,0.001108673,0.019144728,0.008278746,0.020321504,0,0,1.63E-04,0.010152865,0.001161003,0.009779444
T,C>T,ACG,0.151666536,1.14E-05,0.006180147,5.80E-04,0.007990593,0.060008363,1.02E-04,2.32E-04,1.30E-04,2.89E-05,0.007419561,0.009569188,0.003998997,8.19E-05,0.00327,2.78E-04,1.45E-05,0.019969867,0.060058282,1.82E-04,1.14E-04,5.16E-05,0.008378008,0.002844939,0.003650117,0.002531036,3.75E-04,0.007728683,0.004187197,0.006888708,0.00885411,0.002488419,0.004613842,0.007800099,0.006808281,0.019786882,0.005995118,3.90E-05,0.005073613,0.003338224,0.002055655,8.56E-04,0.005580618,0.001420391,0.005046552,0.003843301,0.018594483,9.10E-04,0,0.005714286,0,0.003966589,0.007743765,0.012766796
T,C>T,ACT,0.007197834,0.001156092,0.008873989,0.002390569,0.010609107,0.014007623,0.004285035,0.005731709,0.008975613,0.001928286,0.014088321,0.006904614,0.001807605,0.003803711,0.054130001,0.002269016,2.73E-06,0.01355991,0.00384089,0.001074973,0.001966162,1.13E-04,0.003915004,0.03130933,0.008770282,1.47E-05,8.33E-04,0.027805069,0.003885592,0.004854815,0.001499963,0.004315101,0.005037276,0.012404022,0.006499335,0.074859059,4.84E-04,0.004154748,6.65E-04,0.001887668,0.001959049,6.86E-04,0.011826134,0.008919101,0.002126649,0.021326693,0.010540428,0.025022748,4.51E-04,0,4.89E-04,0.009412205,0.005302183,0.01037934
T,C>T,CCA,0.004250199,0.010302163,0.009040952,0.004314034,0.011285365,0.003340973,0.025573882,0.042156814,0.004669567,0.006296193,0.004356075,0.00564594,0,4.72E-04,0.01444,0.006904049,5.11E-05,4.80E-04,6.93E-06,7.03E-04,0.002471203,0.001244056,0.002006002,0.075978373,0.006580212,4.54E-04,0.001594161,0.045715227,0.003364001,0.008258798,6.97E-04,5.67E-04,0.007504226,0.033172473,0.016230785,0.010836417,0.00149352,0.001621046,0.002161637,0.002579774,0.001185272,0.001700824,0.005889278,0.009816744,0.002158382,0.011115759,0.005631829,0.005762815,0,0,3.67E-04,0.020775982,0.006013108,0.007301229
T,C>T,CCC,0.002020966,1.25E-04,0.006914184,0.0053296,0.011994382,0.011172323,0.025479922,0.065212467,1.92E-04,0.004365562,0.003818543,0.004879865,1.82E-06,2.77E-04,0.066820001,4.27E-04,7.69E-05,0,0.002874918,0.003870904,0.00182815,1.72E-06,0.001660002,0.043969059,0.006103196,0.004486064,0.002242601,0.111588004,0.002625218,0.005661541,0.001617026,7.18E-04,4.15E-04,0.036636814,0.076191325,0.013813558,4.00E-04,0.003775826,0.034550771,0.00275277,8.76E-04,0.005649911,9.60E-04,0.009430976,5.76E-04,0.033007018,0.004918635,0.019714892,0,0,1.63E-04,0.021870454,0.005456051,0.009812236
T,C>T,CCG,0.086171481,0.001149358,0.004133619,0.001289701,0.005883512,0.025345245,0.003162207,0.006903798,0.00573527,9.48E-04,0.004043177,0.007019939,7.02E-06,0.001741557,0.001668,0.001033007,1.19E-04,0.007326951,0.019349447,1.17E-05,0.002356194,0.001055047,0.006371006,0.008230824,0.009840317,0.004134059,4.71E-04,0.012758422,0.002712576,0.005243088,0.004647614,0.002537114,0.008491738,0.007997675,0.011512703,0.010527791,0.00443849,0.003090426,0.002955528,0.001963844,0.002673093,3.42E-04,0.005461561,0.001778534,0.00341269,0.007113992,0.010887229,0,0,0.001142857,1.63E-04,0.008860202,0.002482861,0.008560751
T,C>T,CCT,0.001629981,6.68E-04,0.007565879,0.007526245,0.014334496,0.009597963,0.02761434,0.050407044,0.017055443,0.002597947,0.014780522,0.006162476,2.28E-05,0.00100846,0.049280001,0.00414703,3.10E-04,9.08E-05,0.004419874,0.004083899,0.001437118,5.01E-04,0.002225002,0.178396181,0.007023226,0.00137302,0.00159566,0.08781196,0.003668782,0.006536173,0.001359917,0.002172343,0.003397471,0.015222683,0.072619371,0.022055823,9.47E-04,1.24E-05,0.020053988,0.00204467,0.00235651,0.009802953,0.00473059,0.011011615,0.002393502,0.012136794,0.005107727,0.021383076,0,0.001142857,2.04E-04,0.02474361,0.004532065,0.013556545
T,C>T,GCA,0.003029175,0,0.009240219,0.002779786,0.009960739,0.045506342,4.16E-05,5.04E-04,0,2.16E-05,0.007179576,0.005129565,1.49E-04,3.53E-04,0.01389,0.004798034,4.30E-04,0.00147399,0.047728635,0.001344967,0.001772146,1.70E-04,0.003865004,0.007294844,0.027420882,0.006827097,0.00131169,0.027893311,0.020790519,0.003134123,0.001245552,0.001878705,0.009432015,0.016126417,0.004713265,0.011240895,0.001072811,0.007333566,0.004894626,0.001076755,8.36E-04,8.57E-05,0.006119949,0.006739138,0.001910057,0.01690013,0.026232474,0.032302093,0,0,2.85E-04,0.00829249,0.004444058,0.003407098
T,C>T,GCC,0.00195388,4.42E-07,0.006240148,0.002189832,0.009620714,0.053707485,0.005450382,0.009560653,0,5.23E-04,0.00304982,0.003019744,0.006858279,0.005550466,0.054520001,3.18E-04,9.56E-05,0.001772988,0.069018026,4.29E-04,8.97E-05,1.62E-04,0.004243004,0.0139997,0.023470755,0.027580393,9.91E-04,0.091180417,0.024128853,0.004253399,0.005090905,1.50E-04,0.00535806,0.023777119,0.005924614,0.016485983,0.001325237,6.51E-04,0.013882618,0.00121511,0.004557629,1.67E-04,7.00E-04,0.005757256,0.01256655,0.084448756,0.02148008,0.038368214,0,0.003428571,1.22E-04,0.00781741,0.002194857,0.009266767
T,C>T,GCG,0.095120031,0,0.003140075,3.59E-04,0.003840285,0.102014218,4.83E-05,1.34E-05,1.22E-04,0,1.40E-05,0.005869502,0.006928262,0.007560635,6.33E-04,7.21E-06,1.39E-05,0,0.158295473,0.001105973,0.002596214,6.83E-04,0.010130009,3.94E-06,0.004464144,0.007777111,1.79E-05,0.011399469,0.019800813,0.004196964,0.009439828,7.03E-04,0.013701904,0.005169653,0.005919791,0.006790461,0.004440169,0.006061911,0.008690389,0.001918757,0.001409874,0.002944225,9.86E-04,1.47E-05,0.008100241,0.005710044,0.020160657,0.003791325,0,0.003428571,4.08E-05,0.00291,0.00237,0.0062
T,C>T,GCT,0.001309985,5.91E-04,0.006892142,0.001910057,0.008433746,0.034808253,0.007760063,0.002875226,0.002942416,0.001758287,0.007296364,0.005343093,0.008836926,0.012746408,0.038840001,0.001660012,9.90E-05,0.004645969,0.039438872,7.09E-04,3.94E-04,2.81E-05,0.005289005,0.077768335,0.017000547,0.018430263,0.001257383,0.072289009,0.014400591,0.004452032,0.004117332,4.95E-04,0.003229444,0.004575619,0.004952021,0.024201644,8.62E-04,1.74E-04,0.005403596,0.001499074,0.001917592,1.24E-04,0.002381107,0.005987562,0.009544715,0.046821396,0.018798614,0.07188353,0.001201923,0.002285714,2.45E-04,0.009369236,0.002182922,0.004698074
T,C>T,TCA,9.64E-04,0.255685913,0.005140242,0.002341708,0.006852041,0.005306732,0.096605908,0.008148945,0.002141979,0.005467422,0.005989758,0.003190458,4.49E-04,0.002064213,0.01297,0.003147022,0.004835481,3.15E-04,0.00315691,7.70E-04,0.004977409,2.70E-04,0.001680002,0.008318822,0.005232168,0.001583023,8.61E-04,0.014075847,0.002360554,0.007034199,1.76E-04,0.003996701,6.75E-04,0.034251984,0.003292925,0.016201443,0.007835724,0.005489051,1.67E-05,0.005159452,0.003187615,9.37E-05,0.003469971,0.013898223,0.003860115,0.005420042,0.005744059,3.03E-04,0.002103365,0,0.001060056,0.01017817,0.008527932,0.005370087
T,C>T,TCC,2.84E-04,0.044683546,0.008325957,0.002829434,0.011845845,0.009902325,0.133247357,0.066626292,0.003518511,0.005710766,0,0.004167665,0.003096432,0.029396659,0.069950001,0.00140601,5.74E-04,8.56E-04,1.81E-05,9.80E-04,6.05E-04,0.002539114,5.39E-04,0.007855832,0.002670086,0.003554051,0.001726289,0.038212644,0.004893118,0.006435024,9.34E-04,0.004758702,0.006401776,0.039537399,0.009230919,0.030630652,0.003512928,1.02E-04,0.005764453,0.00276919,0.003069648,0.004473593,0.003089367,0.011004721,0.001963384,0.016663694,0.005205327,0.020169851,1.50E-04,0.008,3.26E-04,0.006994417,0.003411268,0.009587043
T,C>T,TCG,0.048041935,0.020585671,0.00172047,3.67E-05,0.004380325,0.01040145,0.033102321,0.022401531,8.29E-05,0.001522969,3.88E-05,0.003879671,0.017389483,0.256704618,1.31E-04,1.56E-04,1.22E-04,1.53E-05,0.00522985,3.05E-04,2.35E-05,4.40E-06,0.008328008,0.002265951,7.41E-04,5.48E-04,0,0.004279801,0.001810074,0.005353091,0.002319958,0.004772088,0.018002501,0.002819811,0.002909897,0.010800734,0.00419016,1.00E-04,0.001871136,0.002128621,0.006129453,1.82E-04,9.17E-04,0.001246776,0.004454254,0.00377392,0.005653492,0,0,0,1.22E-04,6.53E-04,0.004813796,0.002198382
T,C>T,TCT,7.89E-05,0.154948158,0.006960165,0.003829706,0.010600786,0.008191142,0.050303527,0.047003213,0.020791243,0.011005443,0.004789717,0.003849673,0.014696313,0.065605509,0.059560001,0.00275302,2.08E-04,7.57E-05,0.001171966,0.001280968,5.22E-04,0.001911086,2.40E-04,0.014979679,0.001578051,0.001464021,1.24E-05,0.022498952,0.00234,0.008383052,3.02E-04,0.00514225,0.001380192,0.019298705,0.007779726,0.039166585,0.009108371,2.57E-04,0.001060311,0.003827521,0.00178984,0.003207605,0.003970154,0.010522693,0.003776215,0.008638136,0.004294957,0.013800425,0.017578125,0,0.001671627,0.010504538,0.003321628,0.00825172
T,T>A,ATA,0.002452879,2.63E-04,0.003835506,0.007182622,0.007651612,5.07E-04,8.57E-04,0.001852853,0.006786415,0.001136662,0.009991754,0.006652074,1.03E-04,7.02E-04,1.24E-04,0.004428032,1.72E-04,9.84E-05,1.86E-04,0.009427767,6.87E-04,0,0.001950002,0.002057956,0.001278041,0.007758111,0.04360365,7.40E-05,0.002090344,0.009754107,0.00487904,4.13E-04,0.003860501,0.00457651,0.002002523,8.53E-04,2.31E-04,0.038450913,0,7.60E-04,0.007110014,0.004829942,0.001567253,0.003202205,0.002419181,0.004951834,0.004252798,0.004246285,0.067758413,0.021714286,0.04150528,0.005680513,0.005466816,0.004683376
T,T>A,ATC,0.00398667,4.93E-04,0.002754105,0.002811128,0.005202719,6.81E-04,2.64E-04,3.03E-04,0.001530332,0.00134829,0.006217462,0.00222763,5.05E-05,9.74E-05,2.13E-04,0.004004028,1.38E-05,1.95E-04,1.56E-04,0.004386892,0.001258104,1.80E-04,0.001895002,0.001316972,0.002965095,0.010910155,0.007257545,8.80E-04,0.001092669,0.005153251,0.001467796,5.46E-04,0.005018716,9.77E-04,0.002926157,7.02E-04,3.58E-04,0.026030059,0.002204427,5.07E-04,0.00893448,0.001061617,0.001359094,0.002254386,0.005002634,0.003810793,0.003080164,0,0.00390625,0.017142857,2.85E-04,0.001791918,0.002168051,0.003424449
T,T>A,ATG,0.00176478,2.77E-05,0.006060144,0.008299362,0.007020521,2.32E-04,3.56E-04,8.52E-04,9.02E-05,0.003213096,0.010799362,0.003619693,4.67E-07,5.51E-06,5.83E-05,0.00283502,4.77E-04,1.26E-04,3.05E-06,0.004479889,3.03E-04,3.33E-05,0.001675002,0.004844896,0.001166038,5.19E-04,0.035855954,5.29E-04,7.29E-04,0.005058246,0.002215213,5.65E-04,0.003968626,0.002657916,0.002646172,1.40E-05,2.73E-04,0.016151265,0,6.97E-04,8.28E-04,0.00150468,0.002225237,0.003500392,9.74E-04,0.002407032,0.001355146,0,0.009915865,0.004571429,1.63E-04,0.005450415,0.001414483,0.002477216
T,T>A,ATT,0.008989627,2.31E-05,0.003590085,0.00337974,0.006570487,0.005760803,0.002310162,0.00453031,0.026188969,0.026894787,0.011599314,0.008389288,0.002489375,0.001960165,0,0.003051022,2.12E-04,3.48E-04,0.006322819,0.007739809,0.001755144,6.50E-04,0.009843009,9.14E-04,0.011620374,0.003301047,0.01077411,0.001125692,0.001620736,0.007395968,0.011624616,1.88E-05,0.003930546,0.002269848,0.002669906,0.002267877,0.001114882,0.102032168,0.001108822,7.66E-04,0.004809571,9.95E-04,0.001816791,0.004509315,0.02711496,0.005375981,0.013917295,0.008492569,0.028395433,0.019428571,0.014963102,0.003873895,0.008858914,0.008541599
T,T>A,CTA,1.66E-05,4.05E-05,0.004590109,0.009859242,0.003390251,1.43E-04,1.75E-04,4.83E-04,0.001699284,0.002412675,0.008979469,0.002519786,3.27E-05,1.41E-06,2.92E-05,1.85E-04,2.01E-04,1.47E-04,3.17E-05,0.002906928,0.001010083,1.92E-05,0.001293001,2.69E-04,7.49E-04,1.89E-04,0.060650243,3.11E-04,5.80E-04,0.017106613,0.00179763,2.18E-04,0.004936591,0.002167805,0.009651076,6.86E-04,2.73E-04,0.008203912,0.01265569,5.20E-04,6.27E-04,0.001991561,0.002234809,7.06E-08,0.005860174,0.004540035,0.00146607,0,0.011117788,0.001142857,0.068332858,0.003373021,0.004305692,0.007045498
T,T>A,CTC,5.24E-04,5.25E-05,0.004720112,0.010399201,0.003390251,6.83E-04,2.64E-04,5.07E-04,0.006247369,3.91E-04,0.012199279,0.00282976,4.28E-06,3.28E-05,7.23E-05,0.006728048,1.35E-05,0.002753982,1.71E-04,0.006159848,0.013141081,9.60E-04,3.52E-04,2.69E-04,0.003512113,0.001260018,0.034721538,4.09E-04,0.001652791,0.007056653,0.002194525,1.08E-04,0.003039776,0.002519742,0.013604593,7.12E-04,3.16E-04,1.45E-04,0.010521223,6.08E-04,3.91E-04,0.001485363,0.001795991,0.00329578,9.91E-04,6.00E-04,0.001927887,0,7.51E-04,0.005714286,2.85E-04,0.001746534,0.004987591,0.004190598
T,T>A,CTG,5.18E-06,1.08E-04,0.005660134,0.025398047,0.004470332,1.65E-04,1.31E-04,2.53E-04,5.68E-04,0.00186385,0.011299332,0.001799847,6.76E-07,1.96E-05,3.86E-06,2.00E-14,4.65E-05,2.18E-04,1.75E-05,0.002916928,0.003192263,4.20E-04,8.62E-04,2.56E-04,0.001602052,6.82E-05,0.081173317,5.44E-04,0.004230198,0.027928539,0.002780806,3.68E-04,0.003678416,0.001470017,0.010962889,0.001389505,6.31E-05,4.01E-04,0.014918347,8.45E-04,5.56E-04,0.001622656,0.001961436,7.72E-04,0.001859974,0.006721662,0.0010733,0,0,0,1.63E-04,0.006474045,0.002701359,0.004876954
T,T>A,CTT,5.83E-04,4.79E-05,0.003160075,0.009289286,0.002600193,5.37E-04,3.89E-04,1.99E-04,0.017392674,0.003030082,0.01589906,0.002039827,1.14E-04,7.92E-05,1.12E-04,0.003141022,1.33E-04,0.001632989,3.70E-04,0.008356793,0.021781792,0.003684166,0,0.002762941,0.001074035,9.18E-06,0.034489479,8.07E-04,0.001698783,0.017442333,0.00148539,6.96E-05,0.001840256,0.00193987,0.014999471,1.91E-04,4.84E-04,0.001710539,0.018117352,5.09E-04,7.33E-04,5.98E-04,0.004908347,0.003700149,0.005631397,0.003143608,0.00132922,0,0.004507212,0.002285714,0.061483263,0.002338664,0.008991496,0.005136216
T,T>A,GTA,1.39E-04,8.37E-05,0.002490059,0.006279517,0.003660272,1.49E-04,2.70E-04,1.08E-04,6.73E-04,0,0.007179576,0.002529785,1.39E-06,5.05E-05,1.65E-05,6.10E-04,0,8.65E-06,5.66E-05,6.71E-04,1.65E-04,1.14E-07,8.52E-04,0.001327972,5.95E-04,0.001724025,0.028111761,1.27E-04,8.13E-04,0.017651987,0.002433261,1.98E-04,0.004986367,0.001503405,0.002495269,0.006930471,2.31E-04,0.006293204,3.86E-04,2.83E-04,0.002588661,0.001295032,0.002880942,0.001168638,7.81E-04,0.005232219,0.001848159,3.03E-04,0.014272837,0.002285714,0.023525095,0.00316939,0.00200718,0.002453192
T,T>A,GTC,5.19E-04,1.17E-04,0.002370704,0.002467673,0.001842574,5.36E-04,9.51E-05,5.77E-05,0.001065868,1.31E-05,0.004941971,0.001701156,5.69E-07,3.25E-05,7.13E-05,0.002979021,1.47E-06,0.002211985,1.59E-04,0.001188971,0.003907321,1.20E-04,1.38E-04,2.97E-04,0.001440046,0.006221089,0.006754147,5.46E-04,0.001291777,0.003092795,0.001062697,2.02E-04,0.001795908,0,0.003111444,0.006934193,1.05E-04,8.29E-04,0.002863114,3.10E-04,2.56E-04,1.91E-05,0.00114999,0.001319831,0.007530224,0.002450019,0.001977258,0,4.51E-04,0.005714286,1.22E-04,4.98E-04,0.00105583,5.54E-04
T,T>A,GTG,3.22E-04,3.24E-05,0.00504012,0.008949312,0.003390251,1.52E-04,1.61E-04,4.53E-05,0,0.001357608,0.006659606,0.001009914,0,1.20E-06,4.36E-05,9.83E-04,3.87E-06,0,1.89E-05,0.001920953,0.001318108,3.57E-05,1.37E-04,8.41E-04,0.001591051,0.001043015,0.021640398,6.27E-04,0.002515845,0.015878404,0.002737503,2.60E-04,0.00302822,0.001844784,0.001343534,0.01170308,1.89E-04,0.009286481,0.002836915,5.57E-04,3.89E-04,4.59E-04,0.003444433,0.002008561,0.002157588,0.004606402,0.001340503,0,0.002704327,0.001142857,1.22E-04,0.003139806,0.002691441,4.38E-04
T,T>A,GTT,8.60E-04,1.04E-06,0.004740113,0.003399739,0.002410179,7.05E-04,1.94E-04,1.51E-04,0.00797664,0.004484192,0.00929945,0.001479874,1.72E-04,2.59E-06,8.54E-05,0.001140008,1.06E-07,6.75E-04,5.41E-04,1.03E-04,0.005341439,5.68E-04,0.001553001,0.001507968,0.001964063,0.001936028,0.007155795,8.95E-04,0.001122792,0.014224296,0.001548548,3.24E-04,0.003834032,0.002299053,0.002668143,0.004785738,1.47E-04,0.005751304,0.001002012,2.17E-04,5.44E-04,2.90E-04,0.005386232,0.002447665,0.003173352,0.003310526,0.001326794,0,0.005258413,0.017142857,0.009132792,0.00214524,0.002769421,0.002316221
T,T>A,TTA,0.007089996,2.37E-06,0.004250101,0.007969387,0.004820358,7.12E-04,5.83E-04,0.001580108,0.008176556,0.012139977,0.006329626,0.010199134,8.33E-04,1.90E-04,2.70E-05,0.002884021,3.70E-04,2.19E-05,2.08E-05,0.002455939,0.001286106,3.05E-04,0.003754003,6.88E-04,0.00373012,0.001445021,0.042100557,1.13E-04,0.002222002,0.010919737,0.003637928,3.26E-04,0.00352134,2.11E-04,0.003084631,4.43E-04,6.52E-04,0.08751619,0,6.02E-04,0.008317972,4.34E-05,0.002949975,0.003379568,0.025700764,0.003510027,0.007186285,0.00652108,0.031850962,0.012571429,0.21250051,0.004315694,0.009386325,0.00624639
T,T>A,TTC,2.33E-05,4.23E-05,0.003980094,0.003569726,0.003040226,3.03E-04,3.93E-04,8.58E-04,0.012094906,0.001936491,0.007539554,0.001679857,2.36E-04,2.87E-04,1.25E-04,0.010880077,3.82E-07,0.001268992,1.37E-05,0.002155947,0.005247432,1.77E-04,0.002051002,9.37E-04,6.28E-04,0.001822026,0.014516597,3.23E-04,0.001712562,0.003728163,0.001095494,1.83E-04,0.003884274,0.001669485,0.001190204,5.61E-04,1.89E-04,8.18E-04,0.001044196,2.68E-04,0.002628121,2.07E-05,0.001829985,0.004579414,0.004310128,0.00129001,0.001537786,0,0.001953125,0,4.08E-04,0.001510231,0.004760734,0.001351641
T,T>A,TTG,0,3.19E-05,0.003590085,0.007329437,0.002660197,9.85E-05,1.25E-04,6.35E-04,0.003838383,0.001954671,0.004579729,0.006559443,1.89E-04,1.08E-04,6.30E-05,0.002036014,2.45E-04,8.15E-05,0,8.40E-04,0.001316108,1.06E-05,6.31E-04,9.12E-04,3.50E-04,4.22E-05,0.033038134,1.77E-04,0.001411083,0.006630526,0.001884892,4.74E-04,0.001064769,9.82E-04,0.001840428,5.51E-05,1.47E-04,0.002579327,5.38E-04,1.44E-04,0.001213701,6.12E-06,0.001289989,0.001969748,0.01210036,0.003760029,0.001165352,3.03E-04,0.003305288,0,1.63E-04,0.003118505,0.004216369,0.001150817
T,T>A,TTT,5.34E-04,1.19E-04,0.006966471,0.004068431,0.00474832,8.17E-04,0.001198773,0.001229949,0.105657389,0.014404631,0.016670885,0.007289098,0.001102509,0.001195016,1.91E-04,0.006345045,2.22E-05,0.001205992,2.13E-04,0.00162796,0.005974492,6.67E-04,5.89E-04,0.005305886,0.003166102,0.001205017,0.019486153,4.57E-04,0.002197241,0.007253445,0.003802437,0.003310922,0.003430565,0.004259099,0.001472153,4.21E-04,2.73E-04,0.022240089,0.001142487,7.85E-04,0.003605558,5.98E-04,0.003035246,0.009587946,0.017539026,0.001667239,0.007248913,0.004852897,0.020282452,0.056,0.095853549,0.002816525,0.013305693,0.008176511
T,T>C,ATA,0.002226292,4.16E-05,0.011600275,0.004339666,0.026201944,0.002690375,4.44E-04,9.41E-04,1.67E-04,0.005975473,0.006959589,0.011798998,4.63E-04,0.006180519,4.04E-04,0.048890348,4.64E-04,0.006725955,0.001627953,0.215594672,0.001160095,2.42E-04,0.005049005,4.53E-04,0.00871228,0.028880412,0.016001925,7.92E-04,0.004271054,0.016737471,0.029737059,0.002975938,0.007107094,0.006224851,0.004840692,0.001671441,0.017249109,0.004276207,0.009215079,0.002893376,0.023441845,0.005117176,0.003868764,0.011649064,0.005249315,0.005765364,0.012832363,0,0.014723558,0.057142857,0.004199454,0.053549435,0.014400974,0.011088067
T,T>C,ATC,0.002469406,6.80E-05,0.005720136,9.62E-04,0.007020521,0.001830255,1.70E-04,2.55E-04,8.79E-04,9.97E-04,0.004969706,0.005319548,0.001499624,4.43E-04,3.99E-04,0.02525018,1.01E-04,0.006104959,0.001066969,0.012669687,0.010220841,1.21E-07,1.58E-04,0.001968958,0.002464079,0.009590137,3.75E-04,8.58E-04,0.003219879,0.003901911,0.008659715,7.62E-04,0.004745098,0.001803569,0.002505058,4.77E-04,0.00294497,0.003155337,0.003419596,7.12E-04,0.013680546,2.02E-04,0.001973672,0.004394229,0.00192182,0.003780542,0.004033669,0,0.004206731,0.028571429,4.08E-05,0.0033,0.00168,0.00337
T,T>C,ATG,9.56E-04,3.55E-06,0.006420152,0.003099762,0.016301209,0.001910266,2.68E-04,7.27E-04,5.47E-05,0.003610367,0.00608964,0.006659435,7.23E-04,0.001380116,2.25E-04,0.031540224,1.56E-04,0.006899954,1.68E-04,0.049318781,0.001282105,1.17E-05,0.001423001,0.004316908,0.011030355,9.18E-04,0.005380984,0.001604965,0.00452322,0.009717325,0.028886278,0.002202637,0.002233883,0.003105078,0.004905917,1.72E-04,0.029870408,0.00444886,0.005188123,0.002683958,0.009235146,2.07E-04,0.002218428,0.008871984,0.011772709,0.00667988,0.013810075,1.52E-04,0.001352163,0,8.15E-05,0.0264,0.00208,0.00162
T,T>C,ATT,0.00585937,2.33E-04,0.011412297,0.001048537,0.022561364,8.63E-04,7.12E-04,0.001153973,0.001274407,0.01964985,0.00534232,0.012291279,9.96E-04,0.002532125,6.71E-04,0.02525018,2.43E-04,0.003956974,3.64E-05,0.121896988,0.003544292,9.97E-05,0.001949002,0.005192889,0.00248608,0.013100187,0.001216952,5.77E-05,0.001468903,0.010876837,0.012758217,0.001435939,0.003243007,0.003344364,0.007223177,0.003986791,0.010517749,0.007520652,0.003714241,0.003437557,0.020616182,0.007255829,0.007429576,0.011552556,0.009184394,0.004366224,0.005031532,0.005307856,0.026893029,0.128,0.002201655,0.016009963,0.002940051,0.018929698
T,T>C,CTA,0,4.18E-05,0.004910117,0.003439736,0.007000519,9.48E-04,4.23E-04,7.14E-04,0.001929187,0.004543213,0.003739779,0.008389288,1.36E-04,6.78E-05,2.74E-04,0.021720155,1.67E-04,5.12E-04,4.83E-05,0.017539567,0.015971314,1.95E-04,0.001135001,4.10E-04,0.007206232,0.007944113,0.005013507,7.54E-04,0.003942846,0.005641041,0.016594544,5.58E-04,0.003723141,0.005460199,0.003782127,0.001586322,0.00546923,1.97E-04,0.00783912,6.14E-04,0.018013937,0.003591204,0.003734646,0.005554945,0.004114553,0.004605263,0.008165399,6.07E-04,0.002403846,0.005714286,0.00350634,0.017115315,0.014920315,0.002920457
T,T>C,CTC,8.41E-04,2.33E-05,0.006650158,0.001639874,0.004510335,0.002380332,2.29E-04,1.45E-04,0.001469381,9.23E-05,0.007049583,0.007719345,2.04E-04,6.67E-05,1.98E-04,0.031110221,5.14E-06,0.005347965,0.001794949,0.007998802,0.060704994,0.002087094,0.003934004,0.001375971,0.003521113,3.97E-04,0.00131878,1.38E-04,0.001584916,0.00427591,0.009527227,0.001638915,0.002931885,0.006130546,0.006395941,7.31E-04,0.020614789,0.001716178,0.006448184,8.39E-04,0.007606729,0.001604439,0.002694624,0.004043421,0.002305355,0.003167921,0.003799009,1.52E-04,0.001201923,0.002285714,0,0.002537162,0.003873166,0.007324647
T,T>C,CTG,5.40E-04,7.21E-05,0.004490107,0.002529806,0.007340544,0.002530353,1.29E-04,9.77E-05,3.30E-04,5.81E-05,0.002389859,0.007429369,1.19E-04,1.80E-05,1.09E-04,0.017950128,3.14E-05,8.72E-04,0.001215965,0.009452766,0.029742447,0.001481067,0.003101003,5.31E-04,0.013450433,9.70E-04,0.00210715,1.19E-05,0.003877205,0.005637663,0.032005009,0.002001393,0.002488619,0.00445424,0.006159926,1.21E-04,0.017249109,0.006069757,0.007474926,9.93E-04,0.003208953,9.86E-04,0.001198225,0.004748566,0.001824743,0.004718845,0.013269262,0.001213224,0,0.002285714,1.22E-04,0.009474184,8.96E-04,0.002887781
T,T>C,CTT,0,1.40E-04,0.006020143,0.00155988,0.005110379,8.58E-04,0.001770124,0.002350161,0.015793348,0.023270525,0.002829833,0.01519871,1.67E-06,1.66E-04,1.17E-04,0.024130172,6.87E-06,3.85E-05,2.26E-04,0.021829461,0.126110375,0.009646434,0.006384006,0.003041935,0.00371412,0.004011057,0.001161171,7.30E-04,0.001695932,0.004744492,0.016569782,1.07E-04,0.002124505,0.006690484,0.012008071,0.001590108,0.005470209,6.74E-04,0.006118167,9.10E-04,0.016694208,0.0018815,0.003262226,0.005249328,0.002565241,0.001044284,0.006976222,7.58E-04,0.009164663,0,0.00497411,0.007629242,0.006233459,0.008285586
T,T>C,GTA,9.64E-04,1.57E-05,0.005920141,0.001579879,0.010400771,0.007341023,1.29E-04,6.39E-05,5.36E-05,1.68E-04,8.03E-04,0.006439453,0.001399649,0.003880326,5.03E-04,0.035980256,2.63E-04,0.007220952,0.008587754,0.008719785,0.004004329,1.43E-06,1.62E-05,0.001733963,0.002286074,0.070361003,0.001505537,4.86E-04,0.004316606,0.010012011,0.03244086,0.003674942,9.56E-04,0.00672145,0.001964525,0.005094468,0.009676329,0.004407339,0.003505783,0.001023018,0.013969587,2.44E-04,0.002297186,0.003667165,0.003818903,0.00197521,0.012463291,0,0.007361779,0,0.002283198,0.017654849,0.005641236,0.00225419
T,T>C,GTC,6.76E-04,9.59E-06,0.002030048,9.78E-04,0.004350323,0.005680792,7.15E-05,3.08E-05,5.04E-07,3.45E-05,0.002259866,0.004939581,0.00306923,0.003110261,2.53E-04,0.019120136,4.20E-05,0.007683949,0.007825776,0.003332918,0.013211087,3.31E-04,9.14E-04,7.35E-04,7.51E-04,0.026520378,2.10E-04,5.98E-04,0.00146006,0.002728627,0.007791483,0.001473271,0.002101221,0.002402818,0.006131836,0.005800394,0.006310241,2.03E-04,0.00571701,3.89E-04,0.006526411,9.26E-05,0.001059991,0.002049738,0.007910235,0.003240025,0.004230239,0,0.002403846,0.003428571,1.22E-04,0.002580437,5.83E-04,5.46E-04
T,T>C,GTG,3.42E-04,4.16E-05,0.00548013,9.66E-04,0.00701052,0.003980555,1.22E-04,1.46E-04,1.50E-04,0.002144279,0.001889888,0.00541954,7.68E-06,4.40E-04,2.33E-04,0.019420138,1.11E-04,0.007627949,0.00385489,0.006525839,0.006382525,2.56E-04,6.53E-06,0.001337971,0.003565115,0.026290375,0.001082066,8.78E-04,0.002418667,0.006180856,0.028552643,0.003851923,1.20E-04,0.003736682,0.002160339,0.002739929,0.065210047,0.003586687,0.001460143,6.61E-04,0.009156781,3.21E-04,0.001011805,0.003095803,0.001086292,0.002719912,0.008793983,3.03E-04,0.001201923,0,4.08E-05,0.00529,2.82E-04,1.96E-04
T,T>C,GTT,0.002731383,1.11E-04,0.005164007,2.04E-04,0.010036845,0.002215141,0.00171811,0.001583168,0.002482167,0.131086467,0.001698574,0.005297658,0.003524317,9.80E-04,1.79E-04,0.023320166,4.14E-05,0.009249939,0.001007971,0.00324592,0.008153671,4.80E-04,0.002267002,0.01215974,9.91E-04,0.048180687,9.09E-05,3.53E-05,0.00181125,0.008085525,0.021299612,0.008443694,0.001330185,0.002859808,0.003079891,0.00529264,0.00883491,0,6.08E-04,0.001129269,0.015698599,3.34E-04,0.001719874,0.003575973,0.007394142,0.001847716,0.006747329,0.001061571,0.015174279,0.016,8.56E-04,0.007569158,2.58E-04,0.005868944
T,T>C,TTA,0,0,0.007270173,0.001069918,0.010300764,0.003480485,0.001160081,0.002110144,0.011295242,0.037613092,0.001919887,0.006179475,0.001589601,8.04E-04,1.20E-07,0.042850305,3.37E-04,0.00297998,0.002243936,0.017829559,0.007911651,4.22E-04,0.001695002,2.68E-04,0.007594244,0.028710409,0.005193662,7.11E-04,0.00306539,0.012008646,0.010794642,0.005185748,0.004319261,0.005218795,0.001830788,0.001952878,0.009676329,5.09E-04,0.001701157,0.001123195,0.015742003,1.49E-04,0.001305867,0.005541411,0.019214805,0.003569951,0.011023563,3.03E-04,0.009765625,0.002285714,0.006808823,0.018866708,0.033343093,0.004310619
T,T>C,TTC,0.002014201,5.60E-05,0.004570109,5.35E-04,0.004260316,0.004130576,5.37E-04,5.36E-04,0.009845853,0.004921744,0.003029821,0.007169391,0.002559358,0.001590134,1.96E-04,0.026200186,0,0.003581976,0.004476872,0.003980902,0.021421762,1.02E-04,3.64E-04,5.24E-04,0.005932191,0.012480178,5.60E-04,1.35E-04,0.001320054,0.004619318,0.004858795,0.00121284,0.004030756,0.004315046,0.001236496,0.001540105,0.007150273,0.002118767,0.001903608,6.85E-04,0.014379272,1.87E-04,0.001605257,0.003073536,0.009902665,0.001113579,0.005633681,0,0.007361779,0.004571429,2.04E-04,0.001977702,0.004665325,0.001532106
T,T>C,TTG,1.28E-04,5.76E-05,0.003100074,5.21E-04,0.005310394,0.002660371,3.95E-04,0.001080074,0.004608059,0.013189626,0,0.004039657,5.31E-04,0.001240104,2.74E-05,0.018160129,8.78E-05,8.67E-04,0.002301934,0.005759858,0.004832398,3.70E-04,0.002519002,6.68E-04,0.006347204,0.00210803,0.001403361,7.34E-04,0.001916519,0.002612169,0.005763113,0.005235473,0.003045889,0.002900235,0.001777067,0.003095223,0.106439625,0.008801873,0.002226204,5.72E-04,0.006221564,5.14E-06,7.46E-04,0.002529677,0.008150242,0.002420019,0.00816598,0,3.00E-04,0,1.22E-04,0.007439516,0.003141551,7.49E-04
T,T>C,TTT,0.004472401,0,0.006570156,3.87E-04,0.009910735,0.001770247,7.51E-04,0.00117008,0.036784506,0.014409848,0.002339862,0.017498515,0.001529616,0.002320195,3.73E-04,0.030170215,2.19E-04,0.001712989,3.11E-04,0.005290869,0.024221993,2.48E-04,0.001827002,0.009669793,0.009413303,0.015390219,3.67E-07,6.23E-05,0.003600148,0.00866077,0.010799803,0.006612893,0.001750243,0.002469834,0.005309813,0.002710184,0.007150273,0.006211958,0.001455328,9.66E-04,0.024697797,0.002546125,0.001880061,0.005092611,0.01669921,0.001213685,0.008944091,0.007430998,0.04281851,0.075428571,0.002568598,0.00787725,0.008460203,0.015253031
T,T>G,ATA,2.36E-04,2.12E-04,0.003399793,5.62E-04,0.002976781,8.57E-05,3.00E-04,2.93E-04,0.001330872,5.66E-04,0.002231651,0.016522381,7.25E-04,9.56E-06,1.60E-04,9.86E-04,1.02E-05,3.62E-05,5.12E-06,0.005122873,3.31E-04,5.77E-05,9.18E-04,7.48E-04,3.14E-04,1.50E-04,0.003209043,8.54E-04,0.00117162,0.003613435,0.002139926,0.00700849,0.001937358,8.76E-04,0.001337722,3.13E-04,1.05E-04,0.007245607,0.001584523,2.45E-04,0.010312723,1.86E-04,0.001592942,0.003843313,0.00255008,9.77E-04,0.001586254,0.001061571,0.021935096,0.008,0.004077139,5.10E-04,0.009744357,0.00113525
T,T>G,ATC,2.43E-04,8.87E-06,0.001850044,2.14E-04,0.001710127,1.87E-05,1.78E-04,3.15E-04,2.95E-04,0.001036743,7.30E-04,0.0035397,8.64E-04,3.25E-04,2.87E-05,3.01E-04,6.06E-06,0.00298098,0,0.002287943,6.41E-04,0.002154097,2.42E-06,3.06E-04,1.58E-04,9.13E-04,3.14E-04,5.18E-04,3.52E-04,2.43E-04,0.001864136,0.004196153,0.003547716,4.75E-04,0.001183789,4.58E-04,1.89E-04,1.43E-04,4.62E-04,1.05E-04,0.010225929,5.74E-05,5.35E-04,0.003749521,0.004580136,0.001200009,7.61E-04,7.58E-04,9.01E-04,0.002285714,4.08E-05,3.93E-04,0.00286,2.45E-04
T,T>G,ATG,3.65E-04,4.02E-05,0.004770113,0.001439889,0.002200163,1.28E-04,2.06E-04,6.86E-04,3.57E-04,0.004869959,0.004499734,0.001989831,9.84E-05,6.31E-04,1.16E-05,0.001322009,3.34E-06,6.78E-04,1.04E-05,0.002363942,0.001755144,1.81E-04,0.001384001,0.001181975,4.81E-04,1.07E-04,0.002153504,7.28E-04,0.001107339,0.001966267,0.001208705,0.003746446,0.001772905,0.002304631,0.003033621,5.79E-04,1.47E-04,0.001031739,7.36E-04,1.97E-04,0.009732068,0.002894605,0.00620229,0.004151125,8.31E-04,0.001400254,9.14E-04,0,3.00E-04,0.002285714,4.08E-05,5.43E-04,0.00267,0.00113
T,T>G,ATT,3.17E-04,6.91E-08,0.002340056,1.65E-04,0.003030225,3.99E-05,1.71E-04,4.81E-04,0,0.001866909,9.41E-04,0.009729174,0.006118465,0,2.49E-05,1.32E-11,2.74E-05,0.009844935,3.04E-05,0.003855905,0.010050827,0.031871433,0.002219002,0,1.49E-04,2.97E-04,5.89E-04,8.07E-04,0.001667125,0.001996648,0.002921699,0.039752578,0.002996113,0.001813636,0.001997168,1.55E-04,1.47E-04,3.98E-04,0.001773425,2.04E-04,0.009076648,0,9.96E-04,0.008798875,0.005890175,9.83E-04,0.001606359,0.001213224,0.001201923,0,0.001304685,0.001750904,0.002086997,0.001241007
T,T>G,CTA,3.74E-06,7.80E-05,0.002390057,5.70E-04,0.002550189,8.02E-05,1.00E-04,2.04E-04,2.60E-05,5.34E-04,5.83E-04,0.009059231,4.18E-04,4.24E-05,1.87E-07,9.54E-04,5.48E-06,4.63E-05,8.01E-06,0.001570961,3.16E-04,7.99E-04,4.64E-04,8.45E-04,4.91E-04,3.22E-04,0.002720123,7.98E-06,3.83E-04,0.002121673,6.47E-04,0.008431401,0.002116943,0.001759252,0.001707131,5.64E-05,1.05E-04,0.003571332,7.87E-04,1.61E-04,0.003244687,2.04E-05,0.002769977,0.001729779,0.001130034,0.001170009,5.46E-04,9.10E-04,0.003305288,0,0.00672728,7.73E-04,0.003185287,8.53E-04
T,T>G,CTC,1.72E-04,1.59E-05,0.002980071,2.90E-04,0.00202015,2.89E-04,1.30E-04,4.39E-04,0.002928766,1.85E-04,0.002279865,0.003559698,1.34E-06,7.89E-04,1.14E-05,9.21E-04,1.74E-05,8.42E-04,1.65E-04,0.001101973,4.71E-04,0.015930716,1.22E-04,2.38E-04,0.00124704,5.09E-04,6.62E-04,8.30E-04,0.001040906,0.001500254,0.002911284,0.001922373,4.60E-04,0,0.001864504,6.53E-04,2.10E-05,0,6.78E-05,1.02E-04,8.38E-04,3.09E-05,0.00245998,0.002599668,0.004010119,6.83E-04,0.002019738,6.07E-04,9.01E-04,0,4.08E-05,7.46E-04,0.00119,0.00147
T,T>G,CTG,7.48E-05,1.72E-05,0.004290102,0.002819783,0.002860212,2.40E-04,3.05E-05,8.32E-04,0.001889204,3.14E-04,0.002549849,0.007729344,5.44E-06,7.69E-04,1.16E-05,3.62E-04,2.24E-05,3.54E-05,9.33E-05,0.001918953,6.16E-04,0.006414288,0.001547001,5.25E-04,0.002040066,6.60E-04,0.004163126,0.001399856,0.002262577,0.005526281,0.003092815,0.006091118,0.002026012,6.41E-04,0.001963895,5.10E-04,2.31E-04,1.45E-04,0.002618523,2.49E-04,0.001334768,0.001479174,0.006207553,0.002837339,0.00957154,0.003879815,0.001414665,0,0,0.001142857,8.15E-05,0.00157,3.10E-04,9.57E-04
T,T>G,CTT,0,1.24E-06,0.003290078,3.59E-04,0.003170235,3.77E-04,2.31E-04,2.59E-05,0,0.001016626,0.001319922,0.022398099,0.002099473,0.001850155,1.06E-05,0.001115008,1.76E-04,0.001360991,6.50E-04,0.002674934,0.001228101,0.263511847,0.006292006,2.01E-05,0.001764057,0.003422049,4.45E-04,2.02E-04,0.001870077,0.003927178,0.002801485,0.021161035,0.006087576,0.001532945,0.003532335,3.19E-04,2.73E-04,0.002637881,0.002161277,4.15E-04,0.009290291,4.68E-04,8.57E-04,0.004796168,0.005050751,0.002182943,0.002949104,0,0.001352163,0,0.007705794,0.001224053,0.014753866,8.54E-04
T,T>G,GTA,2.25E-06,3.72E-05,0.002350056,2.07E-04,0.001010075,5.98E-05,9.27E-05,8.13E-05,5.29E-06,2.20E-05,5.86E-04,0.003439708,1.67E-04,3.67E-04,1.41E-05,5.26E-04,8.65E-06,1.20E-04,1.87E-06,5.70E-04,7.30E-04,3.49E-05,5.28E-06,6.51E-04,9.34E-05,7.30E-04,0.001112978,9.62E-05,4.00E-04,0.002336656,0.00106204,0.002015671,0.005006457,0.001969878,0.002461738,2.40E-04,1.05E-04,1.26E-04,6.67E-04,0,0.003726084,1.64E-04,0.002904583,0.001178439,6.05E-04,4.96E-04,6.99E-04,3.03E-04,0.005408654,0,0.004240225,1.18E-04,0.001625184,8.39E-04
T,T>G,GTC,4.43E-06,1.80E-05,8.38E-04,1.36E-04,9.53E-04,2.67E-04,8.47E-05,1.56E-04,1.01E-04,7.92E-05,8.60E-04,0.002309804,2.93E-04,3.03E-04,1.54E-07,3.51E-04,0,0.002252985,1.99E-04,5.00E-04,5.01E-04,0.003276147,8.99E-04,3.52E-04,7.24E-05,0.001347019,1.32E-07,0.001059951,5.90E-04,8.54E-04,7.36E-04,0.002601138,0.003010418,0,0.002469913,4.74E-04,2.31E-04,0,0.00155433,0,0.002379788,8.56E-05,0.001729986,0.001029868,3.03E-04,9.30E-04,2.90E-04,0,0,0,0,5.37E-04,0.002701284,5.87E-04
T,T>G,GTG,8.86E-04,5.29E-05,0.004660111,0.001439889,0.002150159,2.19E-04,2.66E-04,0.001250085,8.85E-04,0.005131037,0.004699722,0.001199898,3.34E-05,5.47E-04,1.26E-05,1.70E-04,1.01E-04,6.33E-04,1.03E-04,2.93E-04,4.71E-04,0.001356061,1.74E-04,0.002042956,5.44E-04,8.05E-04,9.57E-04,4.00E-04,0.001114348,0.004221724,0.001260811,0.003866258,0.001896023,0.002865238,0.002568012,0.001417625,6.94E-04,2.03E-05,0.00127852,3.43E-04,0.003029946,0.003642231,0.006340362,0.002020287,3.69E-04,0.001009178,0.001078589,0,0,0,2.04E-04,3.80E-04,0.001303034,8.83E-04
T,T>G,GTT,1.66E-06,0,0.00210005,6.49E-06,0.001550115,5.86E-04,5.55E-04,9.10E-04,0.003248632,0.004172486,0.001659902,0.009179221,8.51E-04,1.57E-04,7.08E-06,6.12E-04,1.07E-04,0.00294698,5.07E-04,0.001239969,0.003617298,0.056642547,3.26E-05,3.28E-04,9.14E-04,0.004019057,0,7.57E-04,6.86E-04,0.002641661,0.002859948,0.005872569,0.001180164,0,0.001549945,4.04E-05,2.31E-04,1.48E-04,8.06E-04,1.59E-04,0.005569503,4.61E-05,0.001609987,0.001979747,0.001170035,7.60E-05,0.001244297,0.002123142,9.01E-04,0.009142857,0.001834713,2.57E-04,0.003457576,0.001151679
T,T>G,TTA,0,3.90E-05,0.002860068,4.35E-04,0.003160234,6.17E-05,1.04E-04,7.60E-04,0.002598905,7.54E-04,2.11E-04,0.022098124,0.003659082,0.001920161,5.59E-07,0.001294009,1.47E-04,3.03E-07,1.62E-05,0.003161922,2.06E-09,3.13E-07,6.64E-04,6.76E-04,2.19E-04,2.63E-04,0.002553383,2.63E-04,0.001485055,0.002415764,8.89E-04,0.031608883,0.0011175,8.73E-04,0.00290413,6.04E-04,1.47E-04,0,4.29E-05,1.54E-04,0.009236312,1.69E-05,0.00354997,0.004269454,0.013200393,0.001040008,0.001157273,0.00151653,0.006310096,0.019428571,0.013780731,9.10E-04,0.01863731,0.001364858
T,T>G,TTC,0,3.69E-06,0.003180076,2.39E-04,0.002280169,1.66E-04,9.73E-05,8.46E-04,0.006167402,2.83E-06,0.00134992,0.003459706,7.97E-04,0.004620388,8.32E-05,9.49E-04,2.40E-06,7.19E-04,4.57E-05,0.002881929,0.00157613,0.003226145,2.22E-04,0.001004978,1.75E-04,0.001078015,0.001010533,8.56E-04,6.69E-04,0.00126848,9.59E-04,0.01161523,5.24E-04,1.69E-04,0.002508942,2.71E-04,1.47E-04,0.00171339,4.10E-04,9.03E-05,0.00714112,5.86E-04,0.001652115,0.005678888,0.004960234,0.001059829,0.001174225,0,0.001352163,0.012571429,1.22E-04,1.75E-04,0.006155024,0.001367195
T,T>G,TTG,3.48E-04,0,0.003950094,0.001769864,0.002920217,1.58E-04,6.56E-05,6.64E-04,0.005137836,0.001070163,0.003159813,0.005339547,1.29E-04,0.001810152,6.02E-05,3.91E-04,7.48E-05,0,2.94E-06,0.002858929,0.001888155,0.00134106,0.001465001,0.001070977,0.001180038,2.60E-04,0.003392302,6.97E-04,4.73E-04,0.004593158,0.001280876,0.005850991,0.001890909,0.002077502,6.73E-04,6.52E-04,6.31E-05,4.73E-04,0.00143262,3.24E-04,0.009412238,8.96E-04,0.006705019,0.003815039,0.007319036,0.001140021,0.001357361,0,4.51E-04,0.005714286,8.15E-05,9.96E-04,0.0071,0.00146
T,T>G,TTT,0,0,0.004800114,4.86E-04,0.005450404,5.85E-04,2.29E-04,0.001620111,0.005337752,3.62E-05,0.003309804,0.02249809,0.028192927,0.024702074,0,0.002199016,0,7.12E-04,4.57E-04,0.005692859,0.01616133,0.048092162,5.89E-04,8.93E-05,5.81E-04,0.002555036,2.53E-05,2.73E-04,0.001370056,0.003631141,0.004349921,0.236103295,0.004000556,0.003809744,0.00254991,7.92E-04,4.00E-04,0.005751813,5.97E-04,5.62E-04,0.010899028,2.50E-05,0.001559987,0.010798619,0.029800886,0.001070008,0.003676989,0.007734304,0.006760817,0.066285714,0.006074938,7.17E-04,0.022758647,0.004041642
U,C>A,ACA,0.002428978,1.52E-05,0.0084202,0.013198985,0.005920439,4.31E-05,1.12E-04,7.39E-04,0.001299453,5.43E-04,0.014899119,3.39E-04,6.50E-04,1.14E-04,2.26E-04,0.003165023,7.01E-04,2.24E-04,0,0.005121873,0.002103173,9.79E-04,0.023890022,0.00326593,0.002635085,1.35E-04,0.002757404,0.001646329,0.008658196,0.002518386,0.00140495,6.99E-04,0.015190625,0.004706682,0.004562547,0.004733878,7.36E-04,0.001664096,0.009406096,0.011051821,0.002345625,0.001423934,0.009894456,0.010829197,6.96E-04,0.002380018,0.001835964,0.002123142,0.001802885,0,4.89E-04,0.002617081,0.004904472,0.005145999
U,C>A,ACC,0.004019367,2.55E-05,0.006010143,0.00948927,0.004800356,7.04E-05,1.62E-04,4.00E-05,3.82E-04,4.97E-04,0.016399031,0.002319803,6.73E-04,0.003470291,1.92E-04,4.55E-04,2.90E-04,0.005258965,0,0.003580912,0.001032085,3.12E-04,0.007140007,0.002914938,0.00248708,2.22E-04,0.002240194,7.94E-04,0.007412403,0.004262594,0.001303357,0.001147562,0.012840933,0.0028707,0.007706879,0.006752997,4.42E-04,0.006517532,0.015727497,0.003411449,4.55E-04,6.31E-05,0.007739936,0.005539292,0.002300068,0.008075619,0.001328697,0.002274795,0,0,3.67E-04,0.005434859,0.003576711,0.01063585
U,C>A,ACG,1.26E-04,1.10E-06,0.001400033,0.005099608,0.001290096,6.45E-06,1.97E-05,6.63E-05,1.95E-04,1.86E-04,0.00253985,3.23E-04,1.21E-04,1.26E-05,2.09E-05,4.43E-04,1.13E-04,1.71E-04,0,7.67E-04,3.53E-04,7.18E-05,0.001443001,2.48E-04,6.46E-04,1.02E-05,6.44E-04,8.30E-04,0.003494289,0.00112337,2.53E-04,1.19E-04,0.007969293,1.79E-04,0.001475903,0.001757329,1.47E-04,1.72E-05,0.002423282,6.45E-04,3.39E-04,0,0.001719986,0.001269838,1.97E-05,0.001100008,1.93E-04,0,0,0,8.15E-05,0.00203,5.76E-04,0.000893064
U,C>A,ACT,0.002134486,3.05E-06,0.006270149,0.009819245,0.004520335,2.67E-04,2.59E-04,4.11E-04,0.001969171,5.77E-04,0.014899119,0.003489704,0.00645838,5.82E-04,2.22E-04,0.00140601,5.15E-05,0.037009754,4.79E-06,0.003975902,2.96E-05,5.18E-05,0.009138008,0.001470969,0.002237072,3.23E-05,0.001282431,1.58E-04,0.005201232,0.004630027,9.35E-04,1.79E-04,0.003699546,0.001731962,0.003951126,0.004160288,5.68E-04,0.006582359,0.009311983,0.009296176,0.002732654,8.91E-04,0.008599963,0.006515673,4.42E-04,0.001751188,0.002149368,0.004852897,1.50E-04,0,6.93E-04,0.001666951,0.005064179,0.004057985
U,C>A,CCA,0.001659981,1.76E-04,0.006649303,0.025636337,0.005165996,1.95E-04,1.84E-04,8.61E-05,3.24E-04,0.007385562,0.01029986,0.002404177,0.001300492,3.42E-04,2.48E-04,0.004877035,9.09E-04,0.007017953,8.37E-04,0.006369843,4.01E-04,6.09E-04,0.02173002,0.004870896,0.023860768,8.55E-04,8.95E-04,7.10E-04,0.0097561,0.00831096,0.001307733,0.001231662,0.021907061,0.003542884,0.004812278,2.42E-04,6.94E-04,0.004883343,0.014322479,0.029014099,0.003519092,0.162513373,0.007250386,0.008540607,7.89E-04,0.007267152,0.005802745,0,9.01E-04,0,3.67E-04,0.008043138,0.001573173,0.030463518
U,C>A,CCC,0.001824306,0,0.008220195,0.027797863,0.003490259,2.29E-04,2.05E-04,3.23E-04,0.001939183,6.78E-04,0.015599078,0.001829845,2.48E-04,0.001340113,2.30E-04,0.002899021,6.42E-04,0.006494957,1.96E-06,0.004601886,4.22E-04,3.44E-06,0.007720007,2.19E-04,0.037191197,0.001973028,0.002906792,4.15E-04,0.01383174,0.003881861,0.00253786,4.39E-04,0.005984055,5.28E-04,0.005273758,0.004242781,1.47E-04,0.0082038,0.017361927,0.009203002,0.004523919,0.048820751,0.00424827,0.005850714,3.02E-04,0.017110725,0.010063393,0.002274795,0,0,2.04E-04,0.005755725,0.001804093,0.0359065
U,C>A,CCG,5.42E-04,1.35E-04,4.30E-04,0.008422997,9.33E-04,6.76E-05,9.68E-05,2.64E-04,1.43E-04,5.21E-04,4.82E-04,5.18E-04,4.19E-05,1.95E-04,1.25E-05,7.58E-04,9.56E-05,7.59E-04,2.36E-04,5.51E-04,1.18E-04,2.25E-04,0.003223003,1.90E-04,0.005774186,3.59E-04,2.61E-05,7.17E-04,0.003755777,8.04E-04,8.55E-04,1.49E-04,0.003530491,0.001999866,5.56E-04,0.001269645,2.10E-05,0.002800883,0.002237443,0.003157955,2.25E-04,0.024098542,0.00182855,0.001257767,7.63E-05,0.002824537,0.003749972,0,0,0.002285714,1.22E-04,0.001548617,0.001718912,0.002788462
U,C>A,CCT,0.00191424,2.08E-04,0.007111299,0.027816282,0.002973676,0.002097423,3.45E-04,6.72E-04,0.011362385,0,0.011634378,0.002092414,0.006750775,0.002348333,0,0.002708019,2.30E-05,0.112099256,0.006373818,0.003435915,2.08E-05,2.45E-04,0.019650018,8.38E-04,0.085292745,0.013430191,0,7.66E-04,0.008966137,0.00559708,0.003949928,5.95E-04,0.016602307,0.002659821,0.01359952,1.02E-04,6.10E-04,2.00E-04,0.023265452,0.03217916,5.85E-04,0.105589528,8.83E-04,0.0074368,0.007278721,0.011034227,0.025735631,0.003184713,0,0,4.08E-04,0.00524174,0.005533963,0.016581088
U,C>A,GCA,0.001806164,2.41E-05,5.07E-04,0.011199139,0.003620269,8.86E-05,7.60E-05,1.80E-04,1.99E-05,8.70E-07,0.001599905,0.002619778,2.47E-05,8.19E-04,1.53E-04,0.001030007,2.42E-04,0.001121993,4.87E-04,0.003009926,0.003068252,0.001222055,0.052140048,0.001449969,0.003676118,7.39E-04,2.48E-04,8.31E-04,0.026470839,0.007118728,3.06E-04,2.13E-04,0.024906689,8.54E-04,0.005603511,0.002767028,9.47E-04,9.60E-04,0.010977904,0.038266125,0.004455674,0.003923278,0.005205685,0.006139355,0.004869069,0.003284654,0.001536348,0.00151653,3.00E-04,0.001142857,5.30E-04,0.004149225,0.003902462,0.00696983
U,C>A,GCC,8.67E-04,1.24E-05,0.003880092,0.012199062,0.002600193,1.46E-04,7.75E-05,4.60E-06,0,0,0.009099462,0.003049741,2.84E-04,0.001280108,1.31E-04,6.00E-04,2.24E-04,0.009555937,9.17E-04,0.004714883,9.56E-04,8.88E-06,0.009719009,6.10E-05,0.003648117,0.002582037,0.002080336,7.98E-04,0.039537024,0.002934458,0.001016965,8.21E-04,0.023047366,0.003604515,0.01207038,3.14E-04,3.16E-04,1.58E-04,0.023342721,0.009812737,1.92E-04,4.95E-04,0.002589943,0.004201931,0.004034017,0.010829699,0.001768194,0.004246285,0,0.001142857,2.45E-04,0.001718386,4.50E-04,0.014462088
U,C>A,GCG,3.21E-04,0,7.05E-04,0.004589647,0.001110082,2.51E-05,2.95E-06,4.19E-05,2.59E-06,1.46E-05,8.74E-04,1.01E-04,1.74E-06,2.53E-05,0,0,9.62E-05,4.37E-04,1.25E-04,8.08E-04,4.00E-04,4.61E-05,0.003129003,6.30E-05,0.00124204,3.77E-04,2.13E-04,9.74E-05,0.015953317,4.12E-04,3.22E-04,3.40E-05,0.008001112,5.23E-04,0.001629943,0.002775163,6.31E-05,0.001270401,0.003989778,0.002438421,1.73E-04,2.63E-04,0.00105374,0.001109139,0.003062576,0.001279744,0.001169137,0,0,0,8.15E-05,0.00186,2.58E-04,0.001541199
U,C>A,GCT,5.05E-04,0,0.003400081,0.007269441,0.001810134,0.001010141,3.90E-05,6.03E-05,4.44E-07,5.89E-05,0.005739661,0.003109736,0.003729064,9.53E-04,0,3.14E-04,1.48E-05,0.059739603,0.0104997,0.002570936,0.001016084,8.57E-04,0.03270003,1.55E-05,0.00124004,0.004744068,1.68E-04,7.38E-04,0.029963008,0.005110724,3.73E-04,0.001903588,0.022240447,0.002791709,0.002918126,0.001887686,3.58E-04,0.004095703,0.010277664,0.039219131,4.00E-04,0.002392987,0.003578904,0.004875877,6.52E-04,0.00628626,0.003639838,0.006066121,0,0,2.85E-04,0.002602075,0.003380552,0.004981154
U,C>A,TCA,5.43E-04,4.24E-04,0.004826099,0.013686742,0.004351493,1.83E-05,3.22E-04,0.001126396,2.74E-04,0.005253577,0.006915369,0.009279774,0.038333426,0.001924284,1.81E-04,0.002425017,0.028112797,5.23E-04,8.79E-07,0.004645885,5.35E-04,2.17E-06,0.037130034,1.82E-04,0.002350076,1.06E-04,0.001609419,4.64E-04,0.007730108,0.003581359,0.001229889,0.006934014,0.013622608,0.001541007,0.002946088,0.003703737,0.002419082,0.004966346,0.006198294,0.077235118,0.008302819,0.010774825,0.002167267,0.01289142,0.009274089,0.003291461,0.001792107,0.00151653,7.51E-04,0.006857143,7.34E-04,0.007985774,0.005569788,0.008908804
U,C>A,TCC,0.001717935,3.28E-04,0.008737604,0.016468124,0.003958216,1.02E-04,7.33E-04,7.83E-04,0.005160718,0.004451933,0.006048517,0.001434734,0.003000509,0.004113873,3.79E-04,0.002021014,0.012281222,0.009643936,0,0.00365991,5.50E-05,4.55E-05,0.02186002,0.001798961,0.003646117,0.001341019,0.002076163,1.40E-04,0.011464136,0.003125914,4.73E-04,7.66E-05,0.011501598,0.001209919,0.005779796,1.15E-04,0.001620062,3.84E-04,0.012276239,0.043072106,5.14E-04,0.004796725,0.003438651,0.009190715,5.50E-04,0.018707889,0.00223945,0,0,0.002285714,4.48E-04,0.006845001,0.002909026,0.007996846
U,C>A,TCG,4.69E-04,7.90E-05,5.94E-04,0.002909776,6.70E-04,5.34E-06,7.55E-05,1.07E-04,1.89E-04,3.73E-04,1.59E-04,1.23E-04,2.83E-04,7.99E-04,0,8.06E-04,0.002189218,6.05E-05,1.58E-07,5.16E-04,2.93E-04,2.71E-07,0.004634004,1.76E-04,3.26E-04,8.43E-06,0,7.45E-04,0.002270093,0.001222063,1.90E-04,0.001100481,0.003850535,1.41E-04,6.04E-04,4.12E-04,1.47E-04,0,0.001277125,0.007744984,3.74E-04,2.12E-04,7.14E-04,0.001426223,6.87E-05,4.01E-04,7.10E-04,0,0,0,4.08E-05,0.00185,1.18E-04,7.87E-04
U,C>A,TCT,1.31E-04,3.86E-04,0.005824454,0.016960556,0.003264859,6.56E-04,6.08E-04,7.41E-04,0.004473563,3.65E-05,7.92E-09,0.008591359,0.303167202,0.024282112,1.00E-04,1.55E-09,0.006381635,0.071389526,0.001791949,0.003910903,2.25E-04,0.001213055,0.071970066,7.59E-04,5.10E-04,0.004848069,5.94E-05,0.001539928,0.008640355,0.009077355,0.001059981,0.001540674,0.004260592,5.89E-04,0.007829724,0.001650112,0.002040078,1.11E-05,0.008167659,0.112926866,0.005539506,0.002114674,0.0016666,0.012028606,0.003068139,0.008914696,0.006490895,9.10E-04,0.001502404,0.002285714,8.15E-04,0.006689718,0.001065892,0.002969312
U,C>G,ACA,7.64E-04,1.12E-06,0.00801019,0.001539882,0.00337025,6.74E-04,3.00E-05,1.15E-04,3.65E-04,0.001981948,0.005039702,0.002259808,0,7.20E-04,1.01E-04,8.49E-04,0.001976197,0,3.15E-04,0.001124972,0.001062087,7.57E-05,0.002412002,8.48E-04,0.003185102,6.26E-05,7.02E-04,3.47E-04,0.001658836,0.002784297,7.07E-04,1.27E-04,0.00131136,0.002028347,0.003260265,5.56E-04,6.10E-04,2.58E-04,0.001707766,4.19E-04,0.01482942,0.002948878,0.022697931,0.005103017,0.003908169,0.00108186,0.001298601,0.002881407,1.50E-04,0.002285714,1.63E-04,0.001192238,0.004257632,0.002144984
U,C>G,ACC,5.21E-04,2.32E-06,0.006570156,0.001019922,0.002780206,4.08E-04,2.08E-05,7.09E-05,9.91E-05,0.001636699,0.004319745,2.68E-04,0,2.33E-04,9.83E-05,4.71E-04,5.08E-04,0,2.20E-04,9.52E-04,2.38E-04,2.47E-04,9.71E-04,4.33E-04,9.36E-04,2.25E-04,5.47E-04,1.28E-04,0.001348025,0.001401697,5.20E-04,1.19E-04,0.002798062,0.003212636,0.001517287,0.001277762,1.89E-04,3.70E-04,0.001952118,6.15E-04,0.0056203,0.00176148,0.012121968,0.003792525,0.001592842,0.001456734,8.99E-04,0.005762815,0,0,1.22E-04,0.001053091,0.001991123,0.002157566
U,C>G,ACG,1.35E-05,1.39E-07,4.48E-04,8.01E-04,0.001020076,1.19E-04,6.46E-05,2.30E-04,1.85E-05,0.001265115,2.40E-04,1.59E-04,4.77E-06,0,2.83E-06,5.37E-05,1.76E-04,0,2.77E-06,2.22E-04,3.91E-04,1.17E-05,1.21E-05,5.64E-05,2.34E-04,2.19E-06,6.45E-05,3.89E-04,4.88E-04,8.07E-04,2.05E-04,1.03E-04,0.006230866,0.001179921,0.001379951,2.82E-04,6.31E-05,0.003641148,8.33E-05,1.01E-04,0.00436961,7.93E-05,0.00837993,9.86E-04,0.003860115,7.86E-04,5.63E-04,0,0,0,0,9.27E-04,0.00141457,1.15E-04
U,C>G,ACT,4.93E-04,0,0.010400247,6.17E-04,0.004220313,4.27E-04,4.70E-05,2.05E-04,0.001489373,0.00179339,0.006899592,0.003699686,0,6.01E-05,1.62E-04,7.46E-04,0.002355234,5.88E-05,7.10E-05,0.005733858,1.51E-04,0.001012046,0.001171001,0.001263973,0.002078067,4.93E-04,9.81E-04,7.77E-04,0.002144332,0.002377709,0.001210332,3.55E-05,0.001720239,0.002169854,0.003169888,4.38E-05,3.58E-04,7.49E-04,0.002277044,6.72E-04,0.006299438,9.46E-04,0.023380699,0.007098415,0.004385027,8.50E-04,0.002320965,0.020776463,0.004807692,0.006857143,3.26E-04,0.001040805,0.008862493,0.002456825
U,C>G,CCA,7.20E-05,0,0.006290149,0.002619799,0.003830284,9.11E-05,6.46E-05,4.07E-04,3.42E-05,0.001254584,0.003139814,0.002049826,1.86E-06,7.55E-06,4.62E-05,6.35E-04,0.003051304,2.65E-05,0,9.60E-04,1.81E-04,2.48E-04,6.40E-05,5.04E-04,7.20E-04,2.63E-05,5.85E-04,3.97E-04,0.00204493,0.002193841,8.66E-06,3.90E-05,0.004190582,0.003839742,0.001119961,1.64E-04,1.89E-04,3.89E-05,0.001772134,5.88E-04,1.59E-04,0.002245427,0.015081148,0.003713356,6.86E-04,0.002456479,7.68E-04,0,6.01E-04,0,2.85E-04,3.32E-04,0.00127022,0.004373009
U,C>G,CCC,2.00E-05,1.11E-04,0.006900164,0.002619799,0.003390251,1.14E-04,6.03E-05,3.96E-04,0.001119528,4.05E-04,0.003809775,9.56E-04,0,0,8.90E-05,8.61E-04,4.10E-04,3.45E-06,3.83E-06,0.001573961,5.13E-04,1.93E-05,3.53E-04,3.84E-04,6.91E-04,2.20E-05,7.64E-04,7.23E-05,0.001934226,0.002674353,5.65E-05,9.10E-05,0.001500208,0.001109926,0.001899933,5.33E-04,1.47E-04,8.09E-04,0.002653252,5.37E-04,1.01E-04,0.001671381,0.014701941,0.004744364,0.002078157,0.004209071,3.88E-04,9.10E-04,0,0.001142857,4.08E-05,0.00213,0.00183,0.007587133
U,C>G,CCG,4.11E-04,7.65E-06,0.001420034,0.001149912,0.001980147,1.17E-04,1.14E-04,3.16E-04,4.15E-05,0.00284543,1.76E-05,2.59E-04,0,4.80E-06,0,7.58E-06,4.01E-04,7.19E-06,7.13E-07,5.02E-04,1.93E-06,0,1.45E-04,1.18E-05,2.28E-04,1.45E-06,3.55E-06,9.04E-04,0.001109243,6.85E-04,2.62E-07,3.38E-05,0.004470621,1.16E-04,3.04E-04,8.64E-04,1.89E-04,6.46E-05,3.12E-04,2.54E-04,1.06E-04,0,0.008289931,0.00101987,0.006020179,0.001970015,8.06E-04,0,0,0,0,0.001297584,3.75E-04,6.86E-04
U,C>G,CCT,1.48E-04,1.06E-04,0.012521463,0.002035878,0.004912314,2.02E-04,8.64E-05,6.44E-04,0.002653183,0,0.005729487,8.00E-04,8.00E-07,0,7.98E-05,0.001137008,0.004080406,0,6.06E-05,0.004752883,2.37E-05,3.34E-04,7.64E-04,0.002008957,8.00E-04,1.02E-04,9.41E-04,4.71E-04,0.002588845,0.001044843,2.28E-04,1.23E-04,0.004895648,0.004306663,0.00399527,6.49E-04,4.00E-04,0.005391012,0.003916576,9.59E-04,1.88E-04,0.001670519,0.021497736,0.007895302,0.006365944,0.005381773,4.03E-04,0.008795875,0,0,8.15E-05,0.00247,0.00231,0.005211869
U,C>G,GCA,8.71E-06,4.49E-06,0.005600133,0.001409892,0.002300171,8.15E-04,8.64E-06,1.03E-04,2.58E-04,9.09E-05,0.002659843,3.49E-04,0,3.10E-04,2.36E-06,6.33E-05,7.00E-04,0,9.83E-04,0.001029975,5.10E-04,1.12E-04,9.05E-04,3.68E-04,5.79E-04,2.21E-04,3.41E-04,7.15E-04,8.49E-04,0.00206079,1.01E-04,4.84E-05,0.001640228,0.002399839,9.77E-04,0.00132009,2.31E-04,1.12E-05,0.002088941,2.99E-04,4.33E-04,5.94E-04,0.011678846,0.002243743,6.42E-04,0.001591221,0.001093506,0.006672733,1.50E-04,0,1.22E-04,6.71E-04,0.003093067,0.001233853
U,C>G,GCC,1.94E-04,1.07E-04,0.002921599,0.001955158,0.002954376,6.89E-04,5.90E-05,2.59E-04,0,2.85E-05,0.001760865,0.001289032,7.24E-05,4.56E-05,4.12E-05,8.75E-04,3.30E-04,0,6.27E-04,0.002294943,4.95E-04,2.49E-04,0.001671002,2.89E-04,0.001656053,8.04E-04,3.90E-04,2.60E-04,0.001846057,0.001045177,5.44E-04,9.78E-05,0.004760661,0.001509899,0.008739692,5.77E-04,6.31E-05,6.65E-05,0.009999194,5.33E-04,0.0022398,4.88E-04,0.009995151,0.002448226,8.75E-04,0.001289159,0.001400999,0.010312405,0.001953125,0,3.26E-04,9.44E-04,0.003439691,0.004336933
U,C>G,GCG,8.23E-05,2.64E-06,0.001090026,0.001289901,8.71E-04,7.71E-05,3.91E-05,2.40E-04,1.38E-07,7.25E-04,4.43E-04,9.43E-04,3.48E-07,1.14E-06,9.54E-06,8.64E-05,1.00E-04,0,2.06E-06,3.28E-06,1.20E-04,3.27E-07,7.46E-06,1.23E-04,3.53E-04,1.93E-05,0,4.85E-04,9.85E-04,4.48E-04,1.21E-04,9.66E-05,3.17E-04,0,2.69E-04,4.24E-04,6.31E-05,0,7.99E-04,5.37E-05,1.79E-04,4.36E-05,0.004739961,6.18E-04,4.79E-05,5.16E-04,2.27E-04,6.07E-04,0,0,0,5.39E-04,5.60E-04,3.23E-04
U,C>G,GCT,0,3.39E-04,0.006890164,0.001139912,0.002780206,7.35E-04,5.25E-05,3.31E-04,6.17E-04,1.87E-04,0.003429797,0.003099737,3.14E-05,9.31E-05,1.28E-04,1.64E-04,0.001298129,0,4.94E-04,0.001902953,4.01E-04,1.21E-04,0.001674002,4.74E-04,0.001415046,2.28E-04,4.90E-04,9.23E-06,0.005767779,0.001401751,4.02E-04,1.28E-04,7.18E-04,0.002234191,0.003502465,2.45E-04,2.31E-04,9.35E-06,0.003425176,4.31E-04,4.55E-04,1.17E-04,0.017338042,0.003348825,0.009269295,0.004340926,0.001527536,0.040946315,7.51E-04,0.005714286,8.15E-05,0.00105,0.00328,0.00143594
U,C>G,TCA,8.17E-05,6.09E-05,0.004270101,1.26E-04,0.003260242,4.89E-05,1.82E-05,1.82E-04,3.17E-05,9.08E-04,0.002599846,0.0011799,5.94E-06,4.96E-07,8.22E-06,5.98E-04,0.173017214,5.13E-06,1.59E-05,6.18E-04,0.001634134,0,6.41E-04,0.00142097,2.86E-04,2.20E-04,8.19E-05,1.08E-04,0.001794588,0.006041269,2.33E-04,8.53E-05,0.002200306,4.58E-04,0.002919897,3.42E-04,0.003770144,2.01E-07,9.42E-04,0.002018693,6.04E-04,7.86E-05,0.011499904,0.006979108,0.006540194,0.001050008,9.33E-04,0,0,0.001142857,2.85E-04,0.013052793,0.005301647,0.003349133
U,C>G,TCC,1.11E-04,2.69E-04,0.010005027,0.001500938,0.003375529,1.24E-04,1.71E-04,6.15E-04,0.001949345,0.001292808,0.00281921,0.001102301,1.32E-06,1.04E-06,1.25E-04,8.19E-04,0.036953677,9.00E-06,6.31E-06,0.001423965,4.44E-04,5.69E-06,0.001666002,2.81E-04,6.50E-04,2.79E-04,8.23E-04,9.29E-04,0.002762486,4.52E-04,3.26E-04,2.13E-04,0.006436998,2.47E-04,0.001389091,0.001552159,8.27E-04,4.71E-05,0.002101245,0.001361037,5.18E-04,9.01E-04,0.018259132,0.007017729,0.004931439,0.001941519,7.96E-04,0,0.001652644,0.002285714,8.15E-05,0.00224,0.00241,0.003923782
U,C>G,TCG,1.05E-04,3.88E-07,2.05E-04,6.29E-04,0.001130084,6.33E-05,7.05E-05,1.91E-04,0,0.001281562,0,3.93E-04,5.36E-08,0,2.47E-05,2.07E-11,0.007806777,3.68E-06,0,1.87E-04,5.26E-05,0,7.16E-05,2.12E-04,1.38E-04,2.09E-06,1.29E-04,3.62E-04,6.73E-04,6.03E-04,7.66E-05,4.36E-05,0.005590777,6.54E-04,0.001039963,0.001610109,9.82E-05,0.001830577,1.74E-04,7.17E-05,0.007029373,0,0.005039958,0.001059864,0.001200036,8.52E-04,5.82E-04,0,0,0,4.08E-05,2.21E-04,8.76E-04,2.06E-04
U,C>G,TCT,0.001871503,0.001234941,0.014341375,1.45E-04,0.004583216,2.82E-04,1.67E-04,9.87E-04,0.005049711,2.61E-05,0.003499267,0.003593153,6.11E-08,7.19E-05,7.31E-05,7.07E-04,0.22082197,8.99E-07,1.21E-05,0.022029456,1.50E-04,0.001449065,0.002572002,3.04E-04,0.001401045,5.17E-04,6.78E-04,8.46E-04,0.003841147,0.006524761,0.001248723,2.19E-04,1.29E-04,0.002672881,0.005458081,0.001390094,0.005090194,0.003192154,0.004524173,0.003169161,0.008033506,8.54E-04,0.027399878,0.013742813,0.013795526,0.002089979,0.001893541,0.008795875,0.004356971,0,0.00118237,0.016665204,0.011394397,0.007018266
U,C>T,ACA,0.011430095,1.64E-04,0.006929325,0.003539783,0.010465307,0.027874423,1.99E-04,5.54E-04,5.23E-04,1.46E-04,0.012809707,0.007970554,8.72E-05,1.02E-04,0.01439,0.006178044,3.91E-04,0.001403991,0.014879574,0.002722933,0.004287353,7.01E-04,0.005072005,0.007310843,0.031161003,6.54E-04,5.94E-04,0.007877181,0.004705065,0.009679455,0.002462631,5.12E-04,0.003881218,0.02924603,0.003900088,0.029740671,0.001072811,0.001156526,0.003752461,0.001805854,0.006851408,5.82E-04,0.011703234,0.008240526,0.007846779,0.008144365,0.020518193,0.018046709,0,0.006857143,2.85E-04,0.009407315,0.005459519,0.00167091
U,C>T,ACC,0.003092722,3.77E-04,0.005363992,0.002306372,0.007256915,0.013862865,0.011530907,0.018764966,0.003102172,3.81E-04,0.004793638,0.001200636,7.69E-04,0.002456916,0.056990001,0.00133601,9.37E-06,0.009243939,0.005330848,5.98E-04,0.002324191,5.13E-04,0.003260003,9.04E-04,0.005966192,0.002316033,3.52E-04,0.018713045,0.003766813,0.007799468,0.001197244,0.001031022,0.003652121,0.031152295,0.004047403,0.043958297,6.94E-04,0.002403765,0.004586376,0.001140214,0.007401152,9.97E-05,0.003259973,0.005109347,0.001150034,0.012000092,0.007322532,0.017743403,0,0,8.15E-05,0.00361,0.00271,0.008170587
U,C>T,ACG,0.135138325,8.53E-05,0.004970118,4.35E-04,0.007110527,0.051007109,1.89E-04,2.00E-04,6.69E-05,7.13E-05,0.003259807,0.006889415,0.002259433,3.61E-04,0.003028,7.30E-04,2.49E-05,0.014729902,0.050308561,0.001791956,5.93E-05,2.42E-04,0.01109001,0.002126954,0.003782122,0.001852026,5.63E-04,0.003565985,0.002198373,0.006944181,0.006685687,0.002398502,0.006487346,0.007449648,0.007785448,0.024310441,0.006499969,3.60E-05,0.003035693,0.001777668,0.002205268,5.21E-04,0.004744837,8.24E-04,0.00474039,0.003371058,0.016465668,6.07E-04,0,0.003428571,1.22E-04,0.00343283,0.003875408,0.010273449
U,C>T,ACT,0.005253811,0.001391231,0.007742556,0.00160378,0.007979423,0.01242408,0.004466888,0.006403488,0.012406891,0.001258256,0.010830134,0.005468219,0.001989988,0.003348723,0.046600001,0.001690012,8.19E-08,0.01348991,0.003400903,0.00243194,0.002908239,2.26E-04,0.004853004,0.018159611,0.007596244,6.03E-04,3.65E-04,0.009165589,0.003919345,0.003339036,0.001837147,0.001459778,0.004420488,0.010391672,0.005760049,0.051922543,9.05E-04,0.004246577,0.003526524,0.00120025,0.001905179,4.88E-04,0.011169524,0.007099177,0.002136528,0.007434585,0.009395869,0.026084319,4.51E-04,0,2.85E-04,0.005959449,0.002802196,0.006715725
U,C>T,CCA,0.002840251,0.009500227,0.008763988,0.005214955,0.011296051,0.00326541,0.031320741,0.059109435,0.00557932,0.002940983,0.004775605,0.005473026,1.24E-05,6.56E-05,0.01213,0.006597047,4.51E-05,2.84E-04,9.63E-05,0.001648959,0.001832151,0.001613073,0.003594003,0.047838976,0.006322203,4.93E-04,0.001547095,0.014250921,0.003568395,0.006239202,6.33E-04,3.07E-04,0.008822106,0.033545742,0.008931084,0.00719825,0.001199024,0.001570431,0.002456416,0.002431192,0.001243682,0.001034522,0.006302208,0.009779815,0.002289847,0.008387609,0.004630994,0.005762815,0,0,2.85E-04,0.017003887,0.005939089,0.006706122
U,C>T,CCC,1.63E-04,1.22E-04,0.006281383,0.005166638,0.00953303,0.009966852,0.035263501,0.103484194,0.005145036,0.003741326,0.006634432,0.004375347,7.70E-05,1.84E-04,0.059840001,0.001743012,3.21E-05,0,0.00209894,0.003356917,9.44E-04,9.23E-04,0.001531001,0.006867853,0.005999193,0.003885055,0.001722667,0.055065377,0.004396002,0.007491745,0.00109732,3.64E-04,0.003609402,0.032413422,0.050184819,0.019468092,7.78E-04,0.003763116,0.022779432,0.002764962,8.07E-04,0.005595167,5.79E-04,0.008073711,5.67E-04,0.026245723,0.005311865,0.015013649,0,0,1.22E-04,0.015143084,0.001209931,0.010461344
U,C>T,CCG,0.090427079,6.78E-04,0.00416152,0.001334709,0.006810936,0.024385102,0.004939984,0.011161335,0.008070745,2.85E-04,5.77E-05,0.005797824,3.00E-05,0.001351815,0.001695,4.46E-04,1.62E-04,0.006723955,0.017189508,7.03E-04,0.001774146,0.001435065,0.006789006,0.005484883,0.01058034,0.004035057,6.49E-04,0.005547005,0.003704424,0.004865374,0.005262403,8.61E-04,0.013842405,0.007682006,0.007430344,0.008644905,0.00443849,0.00319032,0.004377144,0.001733622,0.00257448,2.96E-04,0.006162211,0.001181409,0.003215794,0.005330257,0.010614158,0,0,0,1.22E-04,0.003990977,0.003158875,0.009255315
U,C>T,CCT,0.001668331,0.004423777,0.009520551,0.005949065,0.014709491,0.008996665,0.035558305,0.07281743,0.031388542,3.11E-06,0.012171685,0.006211889,5.08E-05,1.40E-04,0.046860001,0.004405031,2.58E-06,0.001059993,0.003019914,0.006735834,1.49E-04,0.00156507,0.005975006,0.134297125,0.006766218,0.002550036,0.001480529,0.031082295,0.003557975,0.007500906,0.001148555,0.002161841,0.003196455,0.01962737,0.041018032,0.024290205,0.001156952,1.18E-05,0.014767504,0.002097536,0.002339689,0.008167078,0.006777269,0.009848743,0.002403459,0.013365272,0.005236822,0.021231423,0,0.003428571,8.15E-05,0.0219,0.00335,0.012219231
U,C>T,GCA,0.003472809,4.82E-07,0.007200171,0.002159834,0.010200757,0.046106426,6.65E-05,6.28E-04,0,1.39E-04,0.005689664,0.003969663,1.23E-06,1.80E-04,0.01219,0.004771034,4.48E-04,0.003989974,0.048508613,0.002286943,0.002010165,1.42E-04,0.006738006,0.006371864,0.025270813,0.004802068,9.84E-04,0.01174969,0.017538025,0.004575797,0.001496782,0.00135083,0.003389068,0.015452251,0.005695057,0.010828582,0.001325237,0.00790024,0.005819029,0.001239399,9.15E-04,1.48E-05,0.006889943,0.006999105,0.00203006,0.008360064,0.025365389,0.034576888,0,0,2.45E-04,0.004012951,0.003734365,0.003044423
U,C>T,GCC,0.001750855,4.50E-04,0.006846573,0.002344325,0.009160195,0.052167367,0.00791783,0.014727538,0,5.82E-05,0.004163112,0.003620595,0.005500039,0.006637454,0.041760001,0.001560011,3.46E-05,0.004305971,0.069058025,0.003405916,2.86E-04,3.36E-04,0.002204002,0.003927916,0.022790733,0.02524036,4.04E-04,0.047474165,0.022175357,0.003411298,0.005695124,2.99E-04,0.007957366,0.019224496,0.005703449,0.020913318,0.001325237,6.43E-04,0.011226486,0.001396266,0.004371968,9.93E-04,0.001396622,0.004528266,0.01265114,0.037491774,0.021026425,0.041552927,0,0.005714286,2.04E-04,0.006283677,0.00341633,0.011933895
U,C>T,GCG,0.100867487,1.14E-07,0.002430058,4.34E-04,0.004680347,0.097413576,1.11E-04,1.64E-04,0,3.45E-05,0.002919827,0.005169561,0.005448633,0.007200605,7.87E-04,7.93E-05,3.95E-05,1.03E-07,0.149695719,4.02E-04,0.002028167,8.58E-04,0.013270012,0,0.004539146,0.007388105,4.43E-05,0.004539788,0.015800649,0.003524362,0.009989818,3.91E-04,0.004340603,0.003679753,0.007319742,0.007020477,0.004440169,0.00650205,0.005322343,0.002188583,0.001539863,0.002840056,0.001274956,2.22E-05,0.007710229,0.003230025,0.020397168,0.003942978,0,0.004571429,8.15E-05,0.0019,0.00584,0.013924952
U,C>T,GCT,0.001309985,0.001925009,0.006671455,0.001060093,0.007642375,0.035112373,0.009308683,0.00493225,0.005767467,2.94E-04,0.005806827,0.004480104,0.00735568,0.014703699,0.033280001,0.002635019,6.39E-07,0.009265938,0.041358817,0.00203395,7.92E-04,3.48E-04,0.004898005,0.055148819,0.016640535,0.016900241,8.47E-05,0.025598807,0.005377975,0.003115421,0.003779931,5.44E-04,0.004360606,0.006919536,0.00651977,0.018538674,0.001072811,1.61E-04,0.005447086,0.001299159,0.002039818,1.28E-04,0.002776486,0.004949642,0.009830272,0.019484993,0.018154542,0.078707916,7.51E-04,0.001142857,1.63E-04,0.007671815,0.003872042,0.004577772
U,C>T,TCA,0.001415244,0.256415506,0.007600318,7.51E-04,0.011217828,0.00524852,0.112044381,0.019889269,2.69E-04,3.70E-13,0.005365126,0.002177565,4.65E-04,4.38E-04,0.01089,0.002050015,0.005061504,9.25E-04,0.002607925,0.001557961,0.004567376,4.22E-04,0.003698003,0.00233295,0.005151166,9.25E-04,0.001861762,0.003232784,0.002283442,0.006971205,2.05E-04,0.003793766,0.003197656,0.036314136,0.002237005,0.010261608,0.011176862,0.005993813,7.28E-04,0.005958765,0.003095909,8.07E-05,0.003959967,0.018597622,0.00370011,0.003700028,0.005966103,0,0.001953125,0,0.001386227,0.006935739,0.005635668,0.004288559
U,C>T,TCC,0,0.044785016,0.008620205,0.002379817,0.014401068,0.009241288,0.168011779,0.129008818,0.001689288,0.002727638,0,0.005489534,0.00326918,0.024002016,0.058440001,8.61E-04,3.74E-04,0.002220985,5.21E-04,0.001550962,0.001876154,0.002053092,0.005204005,2.07E-04,0.002457079,0.00353605,0.001185912,0.006204078,0.005679898,0.008808174,0.001004823,0.002252143,0.007189924,0.04679452,0.006649485,0.030329999,0.002987041,9.81E-05,0.005728631,0.00235291,0.002955266,0.006497592,0.002844545,0.012718308,0.002120165,0.011046421,0.004882156,0.013952078,0,0,4.48E-04,0.009125568,0.002721916,0.011474635
U,C>T,TCG,0.052148222,0.020616708,0.001373457,2.95E-04,0.003601502,0.010594888,0.044515576,0.037047129,0.005132339,5.41E-05,0,0.003808813,0.01602427,0.260608562,0,6.69E-04,1.62E-04,0,0.005101854,9.67E-04,2.80E-04,5.22E-04,0.004740004,5.24E-05,7.83E-04,2.67E-04,0,0.001919911,6.35E-04,0.004592641,0.00276995,3.20E-05,0.003900542,0.004809677,0.0028399,0.008140553,0.002900111,1.04E-04,0.002016669,0.001519016,0.005579502,1.38E-06,9.49E-04,0.001349827,0.004120123,0.002830022,0.006957713,0,0,0.002285714,1.22E-04,0.001987359,0.004857233,0.001344894
U,C>T,TCT,8.73E-04,0.154790383,0.006014873,0.003048204,0.01199932,0.008538115,0.062840723,0.071711095,0.027549384,0.007927785,0.007382026,0.007032972,0.014818733,0.065596413,0.057650001,0.003205023,3.14E-04,5.45E-04,0.001483958,0.008771783,3.25E-04,0.0022181,0.002095002,0.002108955,0.001480048,0.00140802,1.59E-04,0.004192265,0.003640149,0.008744526,4.46E-04,0.002933543,0.007087059,0.018310762,0.006273695,0.020201372,0.007140272,2.85E-04,8.88E-04,0.003600505,0.00177672,0.004065611,0.004908394,0.011448758,0.004054812,0.004915691,0.004881544,0.015620261,0.018930288,0.002285714,9.38E-04,0.012074639,0.00675492,0.005877248
U,T>A,ATA,0.001539982,2.34E-06,0.00295007,0.004109684,0.005310394,4.42E-04,6.55E-04,0.00117008,0.007206964,0.004899353,0.00727957,0.006579441,2.00E-04,6.89E-04,1.38E-04,0.003597026,4.03E-04,1.37E-04,1.85E-04,0.002565937,8.45E-04,0,4.22E-04,0.003131933,0.001046034,0.006957099,0.024823156,9.10E-05,9.48E-04,0.00843147,0.006679904,2.22E-04,0.003918131,0.001294834,0.003824542,3.30E-04,4.00E-04,0.035191072,3.94E-04,4.99E-04,0.006812508,0.002728621,0.001376227,0.003757516,0.002305609,0.00339822,0.004612535,0.004246285,0.074519231,0.013714286,0.021853468,0.004378345,0.005374832,0.004294222
U,T>A,ATC,0.003049334,3.45E-04,0.002968618,0.001234708,0.002376644,5.88E-04,3.26E-04,2.59E-04,0.001946139,0.002297092,0.006265418,0.00132587,8.64E-05,6.80E-05,1.68E-04,0.002023014,2.76E-06,1.55E-04,1.98E-04,0.001313968,8.49E-04,1.71E-04,0.002760003,0.002634944,0.002433078,0.008691124,0.004918729,4.56E-05,0.001343632,0.002364343,0.001393957,2.81E-04,0.006568267,0.001722247,0.002389312,1.41E-04,1.47E-04,0.027816654,0.002146968,1.77E-04,0.008336356,5.54E-04,0.001642379,0.002399782,0.005427926,5.51E-04,0.002455111,3.03E-04,0.002253606,0.005714286,8.15E-05,0.00183,0.00269,9.95E-04
U,T>A,ATG,0.001139987,1.39E-04,0.003826434,0.004752362,0.004671107,1.65E-04,3.01E-04,8.99E-04,1.38E-05,0.003845303,0.007812621,0.001065993,0,6.63E-06,1.15E-04,0.002027014,1.31E-04,7.48E-05,3.00E-06,0.001965951,0.001136093,1.43E-05,8.05E-04,0.00420491,9.10E-04,5.83E-04,0.022697746,2.79E-04,0.001498686,0.004532707,0.00374518,3.37E-04,0.001278677,0.001440092,0.001568196,2.94E-06,1.05E-04,0.01647229,0.001508546,6.33E-04,8.62E-04,2.58E-04,0.002753977,0.004356611,0.00100655,0.001933219,0.001755063,3.03E-04,0.01171875,0,1.22E-04,0.001582968,0.002447204,0.001439289
U,T>A,ATT,0.007171468,3.25E-05,0.004840115,0.002219829,0.00633047,0.005330743,0.002410169,0.005180354,0.030087327,0.026953278,0.007819538,0.009359206,0.002479378,0.001720144,0,0.003046022,2.41E-04,0.001260992,0.006244821,0.001817955,0.002090172,5.85E-04,0.007903007,0.001017978,0.010490338,0.002326033,0.007430093,4.23E-04,0.001974312,0.00679777,0.017566749,1.52E-04,0.003221485,0.002889122,0.004146144,7.09E-04,8.62E-04,0.099648134,0.002268256,0.001329162,0.004879294,7.62E-04,0.001686512,0.006178306,0.029526257,0.002028959,0.013774699,0.008947528,0.032451923,0.011428571,0.008684307,0.004031104,0.005661374,0.00458439
U,T>A,CTA,2.51E-05,4.67E-06,0.00296007,0.005299593,0.003120231,1.21E-04,1.81E-04,3.06E-04,0.001989162,0.001880234,0.008389504,0.001429879,1.44E-06,8.57E-07,9.31E-05,0.001075008,1.98E-04,6.56E-05,4.05E-06,0.001407965,0.001595131,4.34E-06,5.95E-04,0.001555967,4.68E-04,4.05E-04,0.037009603,9.06E-04,0.002039967,0.014570896,0.002719988,6.01E-05,8.19E-04,0.001899872,0.010999612,4.09E-04,2.10E-05,0.008352633,0.009999194,1.42E-04,6.46E-04,0.000795656,0.001907886,0.002363841,0.006412471,0.001980639,0.001584945,1.52E-04,0.011268029,0,0.0350634,0.002943173,0.005470446,0.003531792
U,T>A,CTC,2.74E-04,1.85E-04,0.004766651,0.005096529,0.003199778,4.41E-04,3.82E-04,5.63E-04,0.007643062,4.52E-04,0.011073336,5.60E-04,2.30E-06,5.56E-05,4.16E-05,0.00565104,9.94E-05,0.002313985,2.94E-05,5.67E-04,0.013501111,7.51E-04,0.002007002,0.002174953,0.002976096,0.001233018,0.021163921,4.24E-04,0.002294515,0.006659935,0.002507935,1.00E-04,0.001966008,0.002789808,0.00827525,8.88E-04,1.47E-04,1.39E-04,0.007119681,4.62E-04,3.72E-04,0.001676865,0.001853526,0.00494673,0.001033271,0.001653778,0.001900813,0,4.51E-04,0.003428571,1.22E-04,0.00173547,0.004447247,0.002962821
U,T>A,CTG,4.70E-05,2.23E-05,0.00463011,0.014198908,0.005890437,2.32E-04,1.08E-04,3.99E-04,8.06E-04,4.46E-04,0.010399385,0.001969833,7.23E-06,0,4.42E-05,0.001476011,1.42E-04,9.66E-05,4.90E-05,0.001638959,0.006009494,1.47E-04,0.001879002,0.001501968,0.001068034,9.32E-05,0.056169378,7.55E-04,0.003298001,0.014100768,0.00430711,3.41E-04,0.002030871,0.002265782,0.004808766,0.001722848,1.89E-04,3.95E-04,0.013726135,8.03E-04,5.36E-04,4.47E-04,0.001456804,0.005146464,0.001873824,0.004892838,0.002078703,0,0,0,8.15E-05,0.0036,0.00263,0.00389369
U,T>A,CTT,4.50E-04,1.34E-06,0.003270078,0.004909623,0.004160309,5.55E-04,5.36E-04,2.43E-04,0.024289769,0.002807125,0.014399149,0.002639776,4.30E-05,1.11E-04,8.64E-05,0.00275302,1.18E-04,0.001198992,4.83E-04,0.00241794,0.025152069,0.004101184,1.29E-04,0.005975872,8.24E-04,2.01E-05,0.024483235,7.40E-04,0.001334797,0.010968744,0.002771737,1.04E-04,0.004601313,0.00142289,0.008259214,8.15E-04,4.42E-04,0.001832615,0.014103075,4.90E-04,7.01E-04,9.09E-05,0.00602995,0.006199207,0.005470163,0.002140016,0.002192508,0,0.007361779,0,0.037754312,0.001635076,0.014783175,0.005525033
U,T>A,GTA,1.58E-04,8.26E-05,0.002820067,0.003959696,0.002080154,1.43E-04,2.11E-04,1.28E-04,5.01E-04,7.36E-06,0.005179694,0.001329887,4.97E-06,3.55E-05,1.36E-05,9.03E-04,5.27E-05,2.52E-05,4.24E-05,0,2.00E-04,0,0.001031001,0.001657965,4.43E-04,0.001976028,0.01880589,8.27E-04,8.58E-04,0.011491824,0.00485254,3.65E-05,0.004870677,0.001409905,0.002069927,0.003943989,6.31E-05,0.006091921,1.44E-04,2.49E-04,0.002589769,3.69E-04,0.003026454,0.002116816,7.29E-04,0.003632521,0.002741047,0.001061571,0.021634615,0.001142857,0.013903046,0.00231718,0.002368524,0.001910918
U,T>A,GTC,4.00E-04,1.42E-06,0.002630062,0.001789862,0.002030151,4.26E-04,1.01E-04,1.41E-04,0.001429398,1.84E-04,0.005339684,0.001139903,0,7.04E-05,9.60E-05,0.001681012,2.01E-05,0.002081986,7.69E-05,6.20E-04,0.004246349,9.02E-05,6.98E-04,2.65E-04,0.001364044,0.005921084,0.005140472,2.04E-04,0.001489997,0.001761574,0.001202859,2.86E-04,0.003839656,9.26E-04,0.001844061,0.002380989,1.47E-04,8.38E-04,0.002391737,2.19E-04,2.69E-04,9.59E-05,0.001589987,0.001899757,0.006780202,5.38E-04,0.001678015,0,3.00E-04,0.001142857,4.08E-05,7.07E-04,0.00226,1.17E-04
U,T>A,GTG,4.68E-04,3.27E-05,0.004040096,0.005409584,0.003900289,1.81E-04,1.54E-04,6.20E-05,0,0.002657667,0.0050697,9.76E-04,0,5.30E-07,3.92E-05,0.001020007,4.49E-06,0,4.63E-05,6.43E-04,0.001612133,2.99E-05,0.001480001,0.001587966,0.001366044,0.001307019,0.016001437,5.27E-04,3.35E-04,0.011553514,0.004029789,4.03E-04,0.004327191,0.001485905,0.001532052,0.008022441,2.31E-04,0.009648063,0.001750315,3.71E-04,3.76E-04,7.63E-04,0.003919513,0.002621328,0.002317216,0.002767782,0.002219556,3.03E-04,0.00405649,0.004571429,0,0.00270687,0.001913084,0.001515505
U,T>A,GTT,9.66E-04,1.24E-04,0.004803182,0.002364004,0.002488609,9.34E-04,2.84E-04,1.84E-04,0.009763734,0.004636261,0.009645253,0.001098358,1.26E-04,1.10E-05,1.36E-04,6.38E-04,0,6.28E-04,8.07E-04,0,0.005284435,8.11E-04,0.002240002,0.001964958,0.001964063,0.001737025,0.004352278,8.29E-04,0.00169674,0.005968572,0.002085184,5.29E-04,0.003433217,0.001507603,0.002003811,0.002718161,3.58E-04,0.00539334,7.83E-04,3.90E-04,5.72E-04,7.08E-04,0.005339177,0.00319769,0.003229165,3.37E-04,0.002105436,0,0.008563702,0,0.006849594,0.00218167,0.004447155,0.002499259
U,T>A,TTA,0.007370746,2.86E-05,0.003110074,0.004049689,0.004940366,7.46E-04,6.36E-04,0.001930132,0.011195285,0.014354372,9.95E-04,0.010199134,6.48E-04,2.06E-04,7.46E-05,0.002247016,3.82E-04,0,2.35E-05,0.00160796,0.002989246,3.32E-04,0.004370004,0.00142197,0.00373212,0.001356019,0.026098272,9.03E-04,0.002219837,0.009155107,0.006378849,2.83E-04,0.004398944,0.002762963,0.004087316,3.95E-04,8.20E-04,0.085494524,5.36E-09,7.58E-04,0.00887557,7.75E-05,0.004019967,0.005069352,0.02490074,0.001750013,0.006929001,0.008795875,0.036808894,0.017142857,0.135320259,0.003168839,0.013086135,0.004017844
U,T>A,TTC,3.53E-05,2.89E-06,0.003520084,0.001939851,0.002540188,3.03E-04,5.99E-04,0.001010069,0.016193179,0.002205292,0.00726957,5.51E-04,7.58E-05,3.09E-04,7.60E-05,0.007800055,6.36E-05,0.001367991,2.20E-05,0.001359966,0.005636464,8.40E-05,1.44E-04,0.002174953,6.01E-04,0.001946028,0.009953293,6.36E-04,0.001399269,0.00255407,0.001330567,2.67E-04,0.003655382,0.001377305,4.90E-05,0.001834791,6.31E-05,7.70E-04,0.00228434,2.10E-04,0.002644925,1.32E-04,0.001124986,0.005400679,0.00428611,6.37E-04,0.001287922,1.52E-04,0.002854567,0.002285714,4.89E-04,0.001534681,0.006138849,0.001651627
U,T>A,TTG,0,4.15E-05,0.002750065,0.004719637,0.002920217,1.25E-04,1.42E-04,9.62E-04,0.005927503,0.002625027,0.005909651,0.006969408,2.12E-04,6.29E-05,3.33E-05,0.002139015,4.00E-05,1.93E-05,1.32E-05,0.002313943,0.001270104,3.77E-06,5.11E-06,0.001053977,4.60E-04,2.75E-04,0.025265583,3.09E-04,0.001339493,0.001485234,0.003257236,3.69E-04,0.00135706,0.001871479,0.002505676,0.001248083,1.05E-04,0.002523646,2.75E-04,1.09E-04,0.001238617,3.45E-05,9.80E-04,0.004059481,0.011000327,2.91E-04,0.002420784,3.03E-04,0.0078125,0.001142857,3.26E-04,0.00377622,0.005618968,0.00195074
U,T>A,TTT,1.79E-04,8.70E-05,0.007940189,0.002919776,0.005970443,8.85E-04,0.001510106,0.002220152,0.151936004,0.020453247,0.018298918,0.009789169,0.001159709,0.001640138,1.22E-04,0.005269037,2.64E-05,0.00145199,3.68E-04,5.71E-04,0.003996329,0.00111305,0.004969005,0.005467883,0.002836091,0.001249018,0.014450552,1.67E-05,0.001325794,0.009915308,0.007293497,0.003788817,0.004714068,0.002511112,0.002448224,5.38E-04,7.78E-04,0.022863901,2.10E-04,7.18E-04,0.003478652,7.79E-04,0.002004688,0.012416346,0.017338218,0.001143591,0.008457332,0.009099181,0.03530649,0.008,0.067150487,0.002326195,0.025070075,0.006023466
U,T>C,ATA,0.004529871,0,0.007540179,0.001869856,0.016801246,0.00244034,4.57E-04,7.30E-04,0,0.004932394,0.005379682,0.010799083,9.94E-04,0.002880242,6.83E-04,0.032170229,7.33E-04,0.005326965,0.00103597,0.01983951,0.001560128,1.14E-04,0.001236001,0.006409863,0.005732184,0.031820453,0.009424606,8.17E-04,0.003537064,0.007404176,0.03716748,0.003747303,0.002091249,0.003760495,0.004166695,8.81E-04,0.01472485,0.004054654,0.00410886,0.001533537,0.024357476,3.62E-04,0.008949299,0.008507231,0.005267753,0.004522245,0.012237348,0,0.01547476,0.033142857,0.001712399,0.033214854,0.014929223,0.004868291
U,T>C,ATC,0.002231621,7.72E-05,0.003520084,2.96E-04,0.004270317,0.001740243,1.40E-04,1.14E-04,4.63E-05,3.16E-04,0.00355979,0.005269553,0.001169707,6.16E-04,3.18E-04,0.0140001,5.06E-05,0.005156966,0.001352961,0.003108923,0.00825968,1.59E-05,8.81E-04,0.001087977,0.002203071,0.009021129,2.22E-04,6.91E-04,0.001250745,0.006079551,0.009808215,5.13E-04,0.003675457,0.001160106,0.002705302,5.91E-04,0.00294497,0.003163385,0.002409043,4.56E-04,0.012802373,1.82E-04,0.002588925,0.003897091,0.001883963,0.001767645,0.003791979,0,0.00390625,0.012571429,4.08E-05,0.00233,0.00153,0.001350002
U,T>C,ATG,0.002204924,0,0.005580132,0.001069918,0.010800801,0.001910266,2.59E-04,8.84E-04,3.72E-05,0.002130938,0.00270984,0.005949495,4.45E-04,0.00143012,2.26E-04,0.01965014,3.11E-04,0.005918961,3.45E-04,0.009574763,8.28E-04,8.11E-05,0.001637002,0.003787919,0.010440336,0.002627037,0.00350214,8.14E-04,0.002464785,0.007978128,0.035557836,0.00217654,0.002867374,0.004080261,0.001577303,1.52E-04,0.033236089,0.004512682,0.002650252,9.25E-04,0.009079493,1.53E-04,0.003504234,0.007547673,0.011494368,0.003485275,0.014237685,3.03E-04,6.01E-04,0.003428571,0,0.015431219,0.002570222,7.70E-04
U,T>C,ATT,0.005106056,1.81E-05,0.009850234,8.49E-04,0.013501001,8.90E-04,5.24E-04,0.001260086,0.001219486,0.023623739,0.007689546,0.014398778,0.001779554,1.87E-04,7.17E-04,0.018650133,4.66E-04,0.003158979,3.81E-05,0.010289746,0.006835562,6.59E-05,0.003356003,0.011959744,0.001356044,0.017410248,0.001190716,1.92E-05,0.003386198,0.007807759,0.020780602,0.002435834,0.003322658,0.00560809,0.006309174,4.57E-05,0.01388343,0.008077982,9.13E-04,0.001475812,0.019979492,0.001719156,0.011269001,0.009612769,0.008615207,0.002230954,0.006492678,0.00652108,0.035606971,0.036571429,9.79E-04,0.012919698,0.004239108,0.009022208
U,T>C,CTA,1.05E-05,3.23E-06,0.003330079,0.001699869,0.005060375,0.001020142,4.44E-04,8.23E-04,0.003138678,0.00338099,0.004579729,0.00729938,6.23E-05,5.45E-05,1.81E-04,0.014320102,1.11E-04,1.33E-05,4.80E-04,0.00687983,0.014651205,1.91E-04,0.001481001,3.00E-04,0.006279202,0.008155116,0.003143487,2.16E-04,0.002456016,0.004655344,0.021374093,6.27E-04,0.004262168,0.003435184,0.004792376,0.001803436,0.00799349,2.14E-04,0.004378316,4.19E-04,0.016192995,0.00369325,0.004251039,0.00587302,0.003979457,0.001958384,0.008231082,0.001364877,0.001802885,0,0.001426999,0.01054928,0.012967567,0.003397589
U,T>C,CTC,0.001237045,5.48E-06,0.006060144,5.98E-04,0.004870361,0.002230311,3.16E-04,2.86E-04,0.00144939,3.80E-04,0.005339684,0.007609354,6.26E-05,5.65E-04,2.66E-04,0.019390138,4.92E-05,0.004123973,0.001839947,0.002076949,0.056544652,0.002127096,0.002515002,1.63E-04,0.003668118,9.58E-04,9.52E-04,8.82E-04,0.002162186,0.005600177,0.010273811,0.001227753,0.001149727,0.004009722,0.003536795,0.001596724,0.009676329,0.001535078,0.004633902,5.17E-04,0.007103083,0.001441268,0.003267584,0.004874991,0.0023588,0.0016972,0.004163266,0,9.01E-04,0.003428571,1.63E-04,0.001732934,0.006223416,0.007327024
U,T>C,CTG,9.61E-04,3.08E-07,0.003910093,0.001359895,0.005870435,0.002560357,2.37E-04,2.35E-04,1.45E-04,3.06E-04,2.21E-04,0.007829335,1.84E-04,4.60E-06,1.29E-04,0.011380081,1.07E-07,8.09E-04,0.001179966,0.004830881,0.028032306,0.001681076,0.003644003,1.17E-04,0.014330461,0.001365019,0.001484044,4.60E-04,0.003577274,0.00381357,0.038805604,0.001556316,0.006413085,0.006858495,0.004873203,0.001489543,0.025663309,0.006752449,0.006080482,7.76E-04,0.00325791,0.002986115,0.001866686,0.005480633,0.001799985,0.003399904,0.014834376,0.00151653,0,0,2.45E-04,0.005302344,0.001139095,0.002308007
U,T>C,CTT,1.97E-04,4.14E-05,0.006520155,7.06E-04,0.006190459,8.49E-04,0.001940136,0.003320227,0.019391832,0.027316112,0.004859713,0.01589865,3.22E-06,2.82E-04,2.38E-05,0.018030128,1.29E-04,5.43E-06,1.32E-04,0.006349843,0.136911264,0.009989449,0.006163006,0.001253973,0.004302138,0.004427063,7.80E-04,9.12E-04,0.002566399,0.004082154,0.025304492,1.03E-05,3.21E-04,0.003259781,0.008429703,0.002941066,0.00294497,7.32E-04,0.008177559,3.02E-04,0.016398537,5.74E-04,0.004081085,0.006907242,0.002456785,0.001438551,0.007005062,4.55E-04,0.009765625,0,0.002609369,0.005134591,0.008235751,0.00585103
U,T>C,GTA,8.91E-04,6.19E-07,0.005230124,0.001029921,0.007910587,0.008291156,1.30E-04,1.53E-04,2.62E-06,0.001088249,0.001209928,0.007009405,9.30E-04,0.006960585,6.21E-04,0.023320166,5.40E-06,0.006719955,0.010799691,0.004306894,6.43E-04,1.06E-04,0.002253002,3.20E-05,0.002260073,0.084711207,0.001692148,5.98E-04,0.003059524,0.009047901,0.048837748,0.004736429,0.004376711,0.003272568,0.001309117,0.00179965,0.00799349,0.004249033,0.002583669,6.65E-04,0.01478558,0.002396947,0.002739058,0.002674071,0.003703249,0.001695859,0.014384282,0,0.010516827,0,0.001426999,0.010560465,0.005448093,0.002114599
U,T>C,GTC,0.001578098,0,0.002220053,5.56E-04,0.002860212,0.006000836,1.15E-04,3.14E-05,0,3.65E-04,0.002319863,0.006029488,0.003519117,0.004340364,3.86E-04,0.011380081,3.05E-05,0.008430944,0.008250764,0.001001975,0.013301094,3.25E-04,0.001008001,4.16E-04,6.55E-04,0.029820425,6.94E-05,6.12E-04,0.002385466,0.003791008,0.010799803,0.001720753,0.002500347,0.002149856,0.003189888,0.001156615,0.00715207,2.08E-04,0.004791693,2.90E-04,0.006009464,7.55E-05,0.001049991,0.002419691,0.007540224,0.00136001,0.004630883,1.52E-04,0.002403846,0.001142857,4.08E-05,0.00132,0.00122,3.96E-04
U,T>C,GTG,0.001036485,7.79E-05,0.00381009,6.96E-04,0.005550412,0.004250592,1.62E-04,8.23E-05,2.98E-05,0.003435596,7.22E-04,0.004469621,5.74E-06,0.001040087,2.27E-04,0.015000107,7.78E-05,0.009396938,0.004691866,0.004246895,0.004124339,4.47E-04,0.002007002,4.00E-04,0.003546114,0.033320475,5.82E-04,6.67E-04,0.002542061,0.00694823,0.042811086,0.003985193,9.34E-04,0.001659956,8.85E-04,0.00473957,0.136730744,0.003538808,0.003850868,5.06E-04,0.008730701,3.21E-04,9.34E-04,0.002957881,0.001055638,0.002585015,0.009653584,3.03E-04,0.001953125,0,4.08E-05,0.00565,6.25E-05,2.08E-04
U,T>C,GTT,0.001539982,7.72E-05,0.007860187,2.82E-04,0.006620491,0.0028704,0.002410169,0.002540174,0.005847537,0.196866373,0.004449737,0.008459282,0.004418891,0.001350113,1.66E-04,0.015030107,8.82E-07,0.011559923,0.002254936,0.001097973,0.004157342,6.93E-04,0.003939004,0.00559288,6.00E-04,0.065000926,1.13E-04,3.00E-05,0.002210091,0.006452764,0.03526132,0.011877896,0.002617339,0.003170768,0.002138225,0.006270426,0.014700561,0,0.001340464,5.36E-04,0.015977478,6.52E-04,0.001127202,0.003524908,0.006763785,0.001556361,0.009637245,0.002274795,0.023888221,0.005714286,5.30E-04,0.005121389,0.004854833,0.003725131
U,T>C,TTA,4.95E-06,0,0.007400176,8.66E-04,0.008030596,0.003640507,0.001660116,0.003430234,0.014293979,0.050251032,0.003089817,0.00953919,8.26E-04,0.001040087,4.29E-05,0.028680204,2.91E-04,0.001682989,0.00278392,0.009763759,0.00425335,6.68E-04,0.004209004,3.77E-04,0.007386238,0.035950512,0.003379428,5.68E-04,0.004124929,0.009954251,0.015115859,0.008373733,0.003103508,0.002229621,0.001924119,4.51E-04,0.00462781,4.90E-04,0.002714764,0.001062775,0.015638121,5.32E-04,0.002473109,0.005677289,0.020708816,0.002985816,0.013313604,3.03E-04,0.012620192,0.003428571,0.00379174,0.013988956,0.050418573,0.004195681
U,T>C,TTC,0.00301432,7.28E-08,0.00465011,4.08E-04,0.003140233,0.004360608,7.22E-04,9.86E-04,0.01189499,0.00593297,0.00118993,0.005149563,0.002299423,0.001030087,1.88E-04,0.018110129,1.53E-08,0.002746982,0.005051856,0.001911953,0.019631615,3.24E-04,0.001958002,3.05E-04,0.006406206,0.015840226,0,3.69E-04,0.002170374,0.003831183,0.007269868,0.00128056,0.001670232,0.002069861,0.003249885,3.84E-05,0.00799349,0.002070653,8.44E-04,4.42E-04,0.014898671,1.07E-04,0.001810006,0.003600032,0.009506329,0.002182827,0.007059414,4.55E-04,0.008864183,0,1.63E-04,0.001624226,0.004364176,0.002448703
U,T>C,TTG,9.84E-04,1.55E-04,0.003680854,4.70E-04,0.004725409,0.002693346,4.68E-04,0.001567685,0.008570218,0.01725327,0,0.004943764,3.38E-04,0.001387075,6.49E-05,0.013240094,7.12E-05,0.001641989,0.002231936,0.006528839,0.003593296,4.94E-04,2.36E-04,0.001182975,0.00715523,0.00352205,9.56E-04,4.08E-04,0.002919843,0.003576398,0.011245313,0.005768782,0.004059444,0.001543564,0.001182484,0.001123126,0.208251441,0.008417392,0.00501021,5.84E-04,0.005966096,8.68E-04,0.001074892,0.003227756,0.007868672,0.001799995,0.010534911,0,0.001201923,0.001142857,8.15E-05,0.00608,0.0058,0.001564119
U,T>C,TTT,0.005178287,4.73E-05,0.007750184,5.01E-04,0.008770651,0.002180304,8.50E-04,0.002310158,0.047579959,0.02051275,0.004139755,0.021498175,0.001249686,0.002930246,2.83E-04,0.022140158,7.01E-06,0.001214992,5.68E-04,0.003786906,0.02565211,3.35E-04,0.001773002,0.005659879,0.011000354,0.020560293,0,8.31E-04,0.003800156,0.012438519,0.017399683,0.007673357,7.33E-04,7.00E-04,0.004669835,0.001540105,0.007990305,0.006031902,0.001910737,6.94E-04,0.020898136,0.001340427,0.00170452,0.00525217,0.016925786,0.001292864,0.011237872,0.011525629,0.06625601,0.016,0.001304685,0.006529025,0.008498238,0.005031722
U,T>G,ATA,1.40E-04,1.69E-04,0.002830123,4.65E-04,0.002926181,7.65E-05,1.67E-04,1.34E-04,0.001373034,0.001337494,0.003206823,0.014314418,5.72E-04,7.11E-06,1.34E-04,8.21E-04,0,7.05E-05,3.36E-07,0.003747907,7.18E-04,6.68E-05,1.24E-05,9.83E-04,3.13E-04,7.90E-05,0.00212417,8.21E-04,0.00119722,0.001812615,0.002240001,0.006336974,0.004040203,0.001072239,0.003295095,6.07E-04,3.16E-04,0.007338343,1.27E-04,3.68E-04,0.010669029,7.81E-04,0.001510703,0.00333576,0.002303422,0.001342722,7.51E-04,1.52E-04,0.021784856,0.002285714,0.001834713,4.93E-04,0.01301997,0.001887174
U,T>G,ATC,1.63E-04,1.72E-07,0.001520036,2.96E-05,0.001880139,4.26E-05,2.58E-04,7.64E-04,1.60E-04,3.35E-04,8.74E-04,0.003339716,4.64E-04,5.77E-04,2.49E-05,7.81E-04,8.41E-08,0.002271985,0,0.001581961,0.001316108,0.001799081,1.87E-07,1.03E-04,1.18E-04,8.33E-04,1.40E-04,5.47E-04,7.68E-04,6.29E-04,0.002725625,0.003316805,6.09E-04,6.97E-04,0.002103225,5.84E-04,1.05E-04,1.53E-04,6.16E-04,1.44E-04,0.010936585,2.52E-06,5.12E-04,0.003429561,0.004610137,6.53E-04,0.001506099,9.10E-04,0.001502404,0.001142857,4.08E-05,4.79E-04,0.00131,1.00E-04
U,T>G,ATG,2.95E-04,2.60E-05,0.003850091,6.78E-04,0.003020224,1.29E-04,1.07E-04,0.001160079,2.72E-05,0.007721451,0.005289687,0.003469705,1.30E-04,4.04E-04,4.27E-05,8.21E-04,2.86E-05,4.82E-04,2.15E-05,0.001143972,0.001566129,1.71E-04,9.62E-04,0.001464969,3.63E-04,3.65E-04,0.001594077,3.57E-05,0.001368603,0.003468383,0.001801779,0.003775605,0.002049171,0.001391788,9.99E-04,5.60E-05,1.05E-04,0.001008566,0.001679491,2.01E-04,0.01099513,0.002348317,0.00541605,0.003736093,0.000796138,9.03E-04,9.72E-04,1.52E-04,3.00E-04,0.001142857,8.15E-05,1.40E-04,0.00166,0.001049435
U,T>G,ATT,5.36E-04,3.12E-06,0.003270078,2.82E-04,0.004660346,8.72E-05,1.48E-04,5.05E-04,5.11E-05,0.002479024,0,0.009209218,0.005948508,2.10E-04,9.07E-05,0.001205009,1.39E-04,0.009279938,0,0.0040539,0.014391184,0.033271496,0.002970003,9.67E-05,1.30E-04,4.13E-04,1.75E-04,2.19E-04,0.001883447,0.002762742,0.00539824,0.031741386,0.001978392,0.002714965,0.00173561,5.61E-04,4.00E-04,3.95E-04,0.001077834,3.19E-04,0.0095327,0,0.00114999,0.009548779,0.005650168,0.001210009,0.00194051,0.00303306,0.002253606,0,0.001019285,0.002468887,0.008379653,9.28E-04
U,T>G,CTA,1.90E-06,3.66E-06,0.002280054,2.39E-04,0.002120157,3.53E-05,1.06E-04,2.16E-04,2.32E-05,5.87E-04,0.001979883,0.01189899,2.42E-04,2.70E-04,1.61E-06,8.80E-04,6.64E-05,7.43E-06,4.60E-07,0.00120697,2.80E-04,9.23E-04,2.78E-05,0.001084977,4.51E-04,3.31E-04,0.001358531,7.61E-04,9.62E-04,0.001887786,8.26E-04,0.006349635,0.001869181,0.001530371,0.001897365,4.53E-04,1.47E-04,0.003687654,7.32E-04,1.49E-04,0.003262279,3.29E-05,0.002279981,0.00171978,0.001070032,6.20E-04,5.10E-04,3.03E-04,0.003004808,0,0.002690912,3.87E-04,0.003578605,7.67E-04
U,T>G,CTC,4.80E-04,8.57E-05,0.002670063,1.80E-04,0.002720202,1.41E-04,1.83E-04,6.83E-04,0.003028724,5.48E-06,0.003359801,0.003709685,9.21E-06,7.31E-04,1.92E-05,0.002616019,1.28E-05,0.001041993,3.01E-06,0.00160796,0.001155095,0.015210684,9.65E-04,1.44E-04,0.001134036,4.83E-04,3.33E-04,2.58E-04,7.45E-04,0.001381559,0.003555809,0.001475699,0.003392434,8.93E-04,0.00281923,7.79E-04,3.58E-04,0,9.50E-04,1.47E-04,8.01E-04,5.44E-06,0.00120999,0.002989618,0.003950117,0.001070008,0.001796029,0.001061571,7.51E-04,0.005714286,4.08E-05,2.12E-04,0.00489,7.01E-04
U,T>G,CTG,3.62E-04,6.40E-05,0.004780113,0.001579879,0.00310023,2.67E-04,4.80E-05,0.001440098,0.002728851,4.20E-04,0.002619845,0.005979492,6.62E-06,4.23E-04,4.18E-05,3.14E-04,5.47E-07,1.10E-04,8.62E-05,6.34E-04,6.31E-04,0.006825307,1.51E-05,0.001113976,0.001896061,8.70E-04,0.002322535,1.43E-04,0.002019713,0.004287484,0.003987746,0.005179288,0.003009643,4.54E-04,0.001685783,1.81E-04,3.16E-04,1.38E-04,0.002120835,3.69E-04,0.001299843,0.001985627,0.006067123,0.002824699,0.01006181,0.00265571,0.002350909,0,3.00E-04,0,8.15E-05,0.00105,8.10E-04,9.34E-04
U,T>G,CTT,3.13E-04,1.01E-04,0.003597784,9.99E-05,0.005280392,4.18E-04,2.45E-04,4.20E-04,0.001169507,2.80E-05,2.34E-04,0.026097785,0.001881239,0.002144171,4.94E-05,0.002232016,0,6.80E-04,6.04E-04,9.77E-07,0.001300107,0.280812625,0.005473005,4.99E-04,0.00186606,0.00418406,2.99E-05,0.00170992,0.002569281,0.003839329,0.004339921,0.018908272,0.003070427,0.003049795,7.30E-04,8.73E-04,4.00E-04,0.002860902,0.001376127,7.02E-04,0.009149184,0.001018347,7.71E-04,0.006173161,0.005073309,2.55E-05,0.003621304,0,0.001953125,0,0.003057855,4.33E-05,0.02019871,0.001664404
U,T>G,GTA,0,7.07E-05,0.001580038,9.54E-05,0.001230091,7.36E-05,4.56E-05,2.46E-04,3.09E-04,1.74E-04,9.91E-04,0.002819761,1.20E-04,4.66E-04,1.50E-05,2.85E-04,2.39E-05,1.37E-04,7.56E-06,8.23E-04,6.46E-04,3.42E-06,3.62E-04,0.001114976,8.69E-05,8.34E-04,5.78E-04,1.61E-04,6.12E-04,0.003390098,0.001515885,0.001652047,0.003321235,9.12E-04,5.62E-04,5.76E-04,1.05E-04,1.28E-04,3.38E-04,2.78E-05,0.004021382,2.64E-04,0.002706708,0.001246857,6.02E-04,9.23E-04,8.51E-04,1.52E-04,0.00766226,0.001142857,0.002283198,6.45E-04,0.001508672,7.75E-04
U,T>G,GTC,2.87E-04,1.16E-04,0.00126814,1.16E-04,0.001425309,3.71E-04,1.35E-04,3.08E-04,2.57E-04,1.84E-04,0.001074719,0.003128285,3.15E-04,2.75E-04,1.42E-05,6.61E-04,1.18E-05,0.001820988,2.76E-04,5.75E-04,6.52E-04,0.003125141,7.96E-04,5.19E-04,1.25E-04,0.001511022,5.58E-06,4.61E-04,8.32E-04,0.001402699,0.001069981,0.002301007,0.002190304,0.002109858,0.001439949,5.65E-04,1.05E-04,0,0.001455328,2.01E-04,0.002229801,1.86E-05,0.001319989,0.001209845,3.07E-04,5.50E-04,3.48E-04,7.58E-04,1.50E-04,0.002285714,4.08E-05,1.71E-04,7.24E-04,1.13E-04
U,T>G,GTG,0.001314775,6.27E-05,0.006070144,0.001329898,0.002360175,3.32E-04,2.94E-04,0.002180149,5.80E-08,0.012127096,0.003829774,0.004189644,1.58E-04,3.56E-04,3.53E-06,2.08E-04,1.73E-04,6.14E-04,2.09E-04,7.98E-04,5.27E-04,0.001367061,1.64E-05,0.003029935,5.25E-04,9.51E-04,5.06E-04,2.06E-05,0.001412724,0.003741294,0.001413632,0.004825321,0.004365617,0.00262375,0.003152956,0.001355036,0.001072811,1.84E-05,0.001284031,3.20E-04,0.003293405,0.00528326,0.005941941,0.002220207,3.61E-04,0.001717686,4.90E-04,1.52E-04,0,0,4.08E-05,5.55E-04,6.81E-04,9.79E-04
U,T>G,GTT,6.79E-06,1.73E-05,0.002770066,2.41E-04,0.002390177,9.25E-04,6.19E-04,0.001650113,0.005477693,0.004503014,0.002309863,0.009629183,9.75E-04,4.37E-04,5.90E-07,4.40E-04,2.26E-04,0.002849981,0.001095969,0.001394966,0.005949489,0.064972921,3.52E-05,1.97E-04,9.96E-04,0.004856069,0,6.73E-04,0.001780073,0.00234525,0.004509918,0.004572,0.005050702,0.001179921,6.51E-04,4.58E-04,2.73E-04,1.44E-04,0.001841436,2.50E-04,0.005969467,0,0.001359989,0.002759647,0.001100033,0.00126001,0.00219642,0.004094631,0.002704327,0.001142857,0.001100828,0,0.001183457,0.001193496
U,T>G,TTA,0,3.63E-05,0.004880116,2.11E-04,0.003660272,6.64E-05,1.16E-04,0.001130077,0.004468118,0.002153876,5.54E-04,0.021098209,0.002819293,0.002330196,5.80E-05,9.92E-04,1.20E-04,2.21E-07,6.89E-07,0.003478914,5.36E-06,2.01E-06,1.92E-04,7.88E-04,2.68E-04,2.28E-04,0.001015081,9.29E-04,0.001627895,0.003018626,0.001112406,0.030762356,6.31E-04,0,2.03E-04,3.01E-04,1.89E-04,0,0.001520153,4.83E-04,0.009571902,9.45E-05,0.003459971,0.004499425,0.014100419,7.79E-04,0.001481735,0.001668183,0.007061298,0.005714286,0.006931137,0.001757505,0.029415932,0.002964323
U,T>G,TTC,0,2.03E-06,0.003300078,2.42E-05,0.002760205,1.86E-04,1.70E-04,0.001110076,0.008006628,6.10E-06,0.002109875,0.003599694,5.91E-04,0.004600386,4.30E-05,0.001480011,0,5.54E-04,5.29E-05,0.002662934,0.001523125,0.003541159,1.66E-06,0.001214974,1.57E-04,0.001154016,7.36E-04,3.48E-04,0.001196308,0.001751692,0.001630721,0.010450142,0.004613506,9.47E-04,0.002141434,1.72E-04,1.05E-04,0.001817997,2.85E-04,2.03E-04,0.007529301,1.72E-09,0.001619987,0.005859251,0.005340159,0.001090008,5.29E-04,3.03E-04,0.002554087,0.005714286,1.22E-04,9.41E-06,0.007884184,6.48E-04
U,T>G,TTG,4.91E-04,5.56E-05,0.005280125,0.001049919,0.002810208,2.14E-04,7.07E-05,0.001140078,0.005837541,0.002425471,0.00355979,0.004509617,1.92E-04,0.001650139,1.13E-04,7.81E-04,7.31E-06,0,1.25E-05,0.001309968,0.003310272,0.001461066,1.43E-05,6.26E-04,0.001171038,2.46E-04,0.002366939,3.07E-04,0.001524997,0.0032877,0.001884017,0.006561364,9.73E-04,0.001157973,0.002486242,4.05E-05,3.58E-04,5.13E-04,0.002177654,2.53E-04,0.010090725,9.03E-04,0.006846987,0.004911391,0.007114989,0.001456535,0.002269409,0,7.51E-04,0,1.63E-04,9.57E-04,0.005124168,0.001102345
U,T>G,TTT,3.41E-05,4.87E-09,0.007790185,3.28E-04,0.008280614,8.18E-04,3.29E-04,0.003380231,0.014393937,1.63E-04,0.001429915,0.029897462,0.026593328,0.02810236,7.84E-05,0.002254016,1.37E-05,2.76E-04,3.74E-04,0.005036876,0.022811877,0.058012608,0.004029004,4.12E-04,8.16E-04,0.003658052,1.57E-05,7.09E-04,0.004090168,0.005307879,0.008389847,0.249108985,0.002980414,0.005579625,0.003649871,1.78E-04,6.94E-04,0.006171946,2.49E-04,6.76E-04,0.01019909,0,0.001869984,0.014598133,0.026600791,0.00133001,0.004914179,0.011677282,0.010817308,0.027428571,0.003098626,9.53E-04,0.037307797,5.32E-04
